ply
format ascii 1.0
element vertex 5077
property float x
property float y
property float z
end_header
-0.013210 0.153246 0.926000
-0.011806 0.153577 0.928000
0.002590 0.157880 0.954000
0.004067 0.158045 0.955000
0.005547 0.158211 0.956000
-0.016017 0.154176 0.923000
-0.014608 0.154343 0.924000
-0.013196 0.154510 0.925000
-0.011806 0.155011 0.928000
-0.010396 0.155345 0.930000
0.001116 0.159187 0.953000
0.002590 0.159354 0.954000
0.004067 0.159521 0.955000
0.005547 0.159688 0.956000
0.007030 0.159855 0.957000
0.008517 0.160022 0.958000
0.009995 0.160022 0.958000
-0.018826 0.155266 0.921000
-0.017423 0.155434 0.922000
-0.016000 0.155434 0.922000
-0.014592 0.155603 0.923000
-0.013196 0.155940 0.925000
-0.011793 0.156277 0.927000
-0.000354 0.160492 0.952000
0.001116 0.160660 0.953000
0.002590 0.160829 0.954000
0.004067 0.160997 0.955000
0.005547 0.161166 0.956000
0.007038 0.161503 0.958000
0.008517 0.161503 0.958000
0.009995 0.161503 0.958000
0.011486 0.161672 0.959000
-0.020204 0.156349 0.919000
-0.018785 0.156349 0.919000
-0.017404 0.156689 0.921000
-0.015982 0.156689 0.921000
-0.014576 0.156859 0.922000
-0.013182 0.157200 0.924000
-0.011781 0.157540 0.926000
-0.010385 0.158050 0.929000
-0.008989 0.158731 0.933000
-0.007581 0.159411 0.937000
-0.004713 0.160262 0.942000
-0.003276 0.161112 0.947000
-0.001822 0.161793 0.951000
-0.000354 0.161963 0.952000
0.001116 0.162133 0.953000
0.002590 0.162303 0.954000
0.004067 0.162474 0.955000
0.005553 0.162814 0.957000
0.007038 0.162984 0.958000
0.008517 0.162984 0.958000
0.009995 0.162984 0.958000
0.011486 0.163154 0.959000
0.012967 0.163154 0.959000
-0.047983 0.151417 0.882000
-0.046727 0.151761 0.884000
-0.045465 0.152104 0.886000
-0.028403 0.156053 0.909000
-0.027059 0.156396 0.911000
-0.025709 0.156739 0.913000
-0.024353 0.157083 0.915000
-0.022966 0.157254 0.916000
-0.020182 0.157598 0.918000
-0.018785 0.157769 0.919000
-0.017385 0.157941 0.920000
-0.015982 0.158113 0.921000
-0.014576 0.158284 0.922000
-0.013167 0.158456 0.923000
-0.011768 0.158799 0.925000
-0.010385 0.159486 0.929000
-0.007573 0.160688 0.936000
-0.004713 0.161718 0.942000
-0.003276 0.162576 0.947000
-0.001820 0.163091 0.950000
-0.000354 0.163435 0.952000
0.001116 0.163606 0.953000
0.002593 0.163950 0.955000
0.004071 0.164121 0.956000
0.005547 0.164121 0.956000
0.007030 0.164293 0.957000
0.008517 0.164465 0.958000
0.009995 0.164465 0.958000
0.011486 0.164636 0.959000
0.012980 0.164808 0.960000
-0.063672 0.148104 0.855000
-0.062425 0.148277 0.856000
-0.061104 0.148277 0.856000
-0.059782 0.148277 0.856000
-0.058598 0.148623 0.858000
-0.057473 0.149143 0.861000
-0.056340 0.149663 0.864000
-0.055133 0.150009 0.866000
-0.054045 0.150702 0.870000
-0.051536 0.151222 0.873000
-0.050361 0.151741 0.876000
-0.049176 0.152261 0.879000
-0.047983 0.152781 0.882000
-0.046674 0.152954 0.883000
-0.045414 0.153300 0.885000
-0.044097 0.153474 0.886000
-0.042778 0.153647 0.887000
-0.041455 0.153820 0.888000
-0.040175 0.154167 0.890000
-0.034874 0.155033 0.895000
-0.033604 0.155552 0.898000
-0.032326 0.156072 0.901000
-0.031004 0.156418 0.903000
-0.029675 0.156765 0.905000
-0.028372 0.157284 0.908000
-0.027059 0.157804 0.911000
-0.025709 0.158151 0.913000
-0.024327 0.158324 0.914000
-0.022966 0.158670 0.916000
-0.021575 0.158843 0.917000
-0.018764 0.159017 0.918000
-0.017366 0.159190 0.919000
-0.015965 0.159363 0.920000
-0.014561 0.159536 0.921000
-0.013153 0.159710 0.922000
-0.011768 0.160229 0.925000
-0.010373 0.160749 0.928000
-0.007573 0.162135 0.936000
-0.006161 0.163001 0.941000
-0.003273 0.163867 0.946000
-0.001820 0.164560 0.950000
-0.000354 0.164733 0.951000
0.001116 0.165079 0.953000
0.002593 0.165426 0.955000
0.004071 0.165599 0.956000
0.005553 0.165772 0.957000
0.007038 0.165946 0.958000
0.008517 0.165946 0.958000
0.009995 0.165946 0.958000
0.011486 0.166119 0.959000
0.012980 0.166292 0.960000
-0.142849 0.152222 0.871000
-0.089893 0.146979 0.841000
-0.088595 0.146979 0.841000
-0.087297 0.146979 0.841000
-0.085998 0.146979 0.841000
-0.084700 0.146979 0.841000
-0.083402 0.146979 0.841000
-0.082104 0.146979 0.841000
-0.080997 0.147328 0.843000
-0.079696 0.147328 0.843000
-0.078395 0.147328 0.843000
-0.075882 0.147503 0.844000
-0.072229 0.148027 0.847000
-0.071005 0.148202 0.848000
-0.069778 0.148377 0.849000
-0.067315 0.148726 0.851000
-0.066079 0.148901 0.852000
-0.064840 0.149076 0.853000
-0.063598 0.149251 0.854000
-0.062352 0.149425 0.855000
-0.061032 0.149425 0.855000
-0.059713 0.149425 0.855000
-0.058529 0.149775 0.857000
-0.057407 0.150299 0.860000
-0.056209 0.150649 0.862000
-0.055070 0.151173 0.865000
-0.053983 0.151872 0.869000
-0.051477 0.152396 0.872000
-0.050303 0.152921 0.875000
-0.049121 0.153445 0.878000
-0.047928 0.153969 0.881000
-0.046621 0.154144 0.882000
-0.045362 0.154494 0.884000
-0.044047 0.154668 0.885000
-0.042729 0.154843 0.886000
-0.041408 0.155018 0.887000
-0.040129 0.155367 0.889000
-0.038844 0.155717 0.891000
-0.037553 0.156067 0.893000
-0.034874 0.156416 0.895000
-0.033567 0.156766 0.897000
-0.032254 0.157115 0.899000
-0.031004 0.157814 0.903000
-0.029675 0.158164 0.905000
-0.028372 0.158688 0.908000
-0.027030 0.159038 0.910000
-0.025709 0.159562 0.913000
-0.024300 0.159562 0.913000
-0.022941 0.159911 0.915000
-0.021552 0.160086 0.916000
-0.020160 0.160261 0.917000
-0.017366 0.160610 0.919000
-0.015948 0.160610 0.919000
-0.014545 0.160785 0.920000
-0.013139 0.160960 0.921000
-0.011755 0.161484 0.924000
-0.010362 0.162009 0.927000
-0.008970 0.162708 0.931000
-0.007565 0.163407 0.935000
-0.006154 0.164281 0.940000
-0.003269 0.165154 0.945000
-0.001816 0.165679 0.948000
-0.000354 0.166203 0.951000
0.001116 0.166553 0.953000
0.002590 0.166727 0.954000
0.004071 0.167077 0.956000
0.005553 0.167252 0.957000
0.007038 0.167426 0.958000
0.008517 0.167426 0.958000
0.010006 0.167601 0.959000
0.011486 0.167601 0.959000
0.012980 0.167776 0.960000
-0.148568 0.153921 0.873000
-0.147220 0.153921 0.873000
-0.145705 0.153744 0.872000
-0.144194 0.153568 0.871000
-0.142849 0.153568 0.871000
-0.141504 0.153568 0.871000
-0.139999 0.153392 0.870000
-0.138496 0.153215 0.869000
-0.128660 0.152686 0.866000
-0.127176 0.152510 0.865000
-0.124218 0.152157 0.863000
-0.096728 0.148808 0.844000
-0.091191 0.148279 0.841000
-0.089786 0.148102 0.840000
-0.088490 0.148102 0.840000
-0.087193 0.148102 0.840000
-0.085896 0.148102 0.840000
-0.084599 0.148102 0.840000
-0.083303 0.148102 0.840000
-0.082006 0.148102 0.840000
-0.080709 0.148102 0.840000
-0.079413 0.148102 0.840000
-0.078116 0.148102 0.840000
-0.076911 0.148279 0.841000
-0.075522 0.148102 0.840000
-0.074314 0.148279 0.841000
-0.073276 0.148808 0.844000
-0.072059 0.148984 0.845000
-0.070838 0.149160 0.846000
-0.069696 0.149513 0.848000
-0.068468 0.149689 0.849000
-0.066002 0.150042 0.851000
-0.064764 0.150218 0.852000
-0.063523 0.150394 0.853000
-0.062207 0.150394 0.853000
-0.060961 0.150571 0.854000
-0.059713 0.150747 0.855000
-0.058529 0.151100 0.857000
-0.057340 0.151452 0.859000
-0.056209 0.151981 0.862000
-0.055070 0.152510 0.865000
-0.053921 0.153039 0.868000
-0.052763 0.153568 0.871000
-0.050246 0.154097 0.874000
-0.049065 0.154626 0.877000
-0.047820 0.154978 0.879000
-0.046568 0.155331 0.881000
-0.045311 0.155684 0.883000
-0.044047 0.156036 0.885000
-0.042729 0.156213 0.886000
-0.041408 0.156389 0.887000
-0.040129 0.156742 0.889000
-0.038844 0.157094 0.891000
-0.037553 0.157447 0.893000
-0.034874 0.157799 0.895000
-0.033567 0.158152 0.897000
-0.032290 0.158681 0.900000
-0.030969 0.159034 0.902000
-0.029675 0.159563 0.905000
-0.028341 0.159915 0.907000
-0.027030 0.160444 0.910000
-0.025653 0.160620 0.911000
-0.024300 0.160973 0.913000
-0.022916 0.161149 0.914000
-0.021552 0.161502 0.916000
-0.020138 0.161502 0.916000
-0.017347 0.161855 0.918000
-0.015948 0.162031 0.919000
-0.014529 0.162031 0.919000
-0.013139 0.162384 0.921000
-0.011742 0.162736 0.923000
-0.010362 0.163441 0.927000
-0.007557 0.164676 0.934000
-0.006141 0.165381 0.938000
-0.003263 0.166262 0.943000
-0.001815 0.166968 0.947000
-0.000354 0.167497 0.950000
0.001115 0.167849 0.952000
0.002590 0.168202 0.954000
0.004071 0.168555 0.956000
0.005553 0.168731 0.957000
0.007038 0.168907 0.958000
0.008517 0.168907 0.958000
0.009995 0.168907 0.958000
0.011486 0.169083 0.959000
0.012980 0.169260 0.960000
-0.151436 0.155448 0.874000
-0.149915 0.155270 0.873000
-0.148568 0.155270 0.873000
-0.147220 0.155270 0.873000
-0.145705 0.155092 0.872000
-0.144194 0.154914 0.871000
-0.142849 0.154914 0.871000
-0.141342 0.154736 0.870000
-0.139999 0.154736 0.870000
-0.138496 0.154559 0.869000
-0.136997 0.154381 0.868000
-0.135657 0.154381 0.868000
-0.134317 0.154381 0.868000
-0.132824 0.154203 0.867000
-0.131486 0.154203 0.867000
-0.129997 0.154025 0.866000
-0.128512 0.153847 0.865000
-0.127176 0.153847 0.865000
-0.125550 0.153491 0.863000
-0.124218 0.153491 0.863000
-0.122743 0.153314 0.862000
-0.110277 0.150824 0.848000
-0.108968 0.150824 0.848000
-0.100875 0.150468 0.846000
-0.099452 0.150290 0.845000
-0.098031 0.150112 0.844000
-0.096614 0.149934 0.843000
-0.095199 0.149756 0.842000
-0.092490 0.149579 0.841000
-0.091083 0.149401 0.840000
-0.089786 0.149401 0.840000
-0.088490 0.149401 0.840000
-0.087193 0.149401 0.840000
-0.085794 0.149223 0.839000
-0.084499 0.149223 0.839000
-0.083203 0.149223 0.839000
-0.081908 0.149223 0.839000
-0.080613 0.149223 0.839000
-0.079318 0.149223 0.839000
-0.078023 0.149223 0.839000
-0.076728 0.149223 0.839000
-0.075522 0.149401 0.840000
-0.074226 0.149401 0.840000
-0.073016 0.149579 0.841000
-0.071888 0.149934 0.843000
-0.070670 0.150112 0.844000
-0.069450 0.150290 0.845000
-0.068307 0.150646 0.847000
-0.067157 0.151001 0.849000
-0.065924 0.151179 0.850000
-0.064688 0.151357 0.851000
-0.063449 0.151535 0.852000
-0.062207 0.151713 0.853000
-0.060961 0.151891 0.854000
-0.059713 0.152069 0.855000
-0.058461 0.152246 0.856000
-0.057340 0.152780 0.859000
-0.056209 0.153314 0.862000
-0.055006 0.153669 0.864000
-0.053859 0.154203 0.867000
-0.052702 0.154736 0.870000
-0.050188 0.155270 0.873000
-0.049009 0.155804 0.876000
-0.047765 0.156159 0.878000
-0.046515 0.156515 0.880000
-0.045260 0.156871 0.882000
-0.043948 0.157049 0.883000
-0.042681 0.157404 0.885000
-0.041408 0.157760 0.887000
-0.040084 0.157938 0.888000
-0.038801 0.158294 0.890000
-0.037511 0.158649 0.892000
-0.034874 0.159183 0.895000
-0.033567 0.159539 0.897000
-0.032290 0.160072 0.900000
-0.030935 0.160250 0.901000
-0.029675 0.160961 0.905000
-0.028341 0.161317 0.907000
-0.027000 0.161673 0.909000
-0.025653 0.162029 0.911000
-0.024300 0.162384 0.913000
-0.022916 0.162562 0.914000
-0.021552 0.162918 0.916000
-0.020138 0.162918 0.916000
-0.018744 0.163096 0.917000
-0.015930 0.163274 0.918000
-0.014529 0.163452 0.919000
-0.013124 0.163629 0.920000
-0.011742 0.164163 0.923000
-0.010340 0.164519 0.925000
-0.007549 0.165942 0.933000
-0.006135 0.166653 0.937000
-0.004713 0.167542 0.942000
-0.001813 0.168254 0.946000
-0.000353 0.168609 0.948000
0.001115 0.169321 0.952000
0.002590 0.169677 0.954000
0.004067 0.169854 0.955000
0.005547 0.170032 0.956000
0.007038 0.170388 0.958000
0.008517 0.170388 0.958000
0.009995 0.170388 0.958000
0.011486 0.170566 0.959000
0.012980 0.170744 0.960000
-0.152785 0.156799 0.874000
-0.151436 0.156799 0.874000
-0.150087 0.156799 0.874000
-0.148568 0.156619 0.873000
-0.147220 0.156619 0.873000
-0.145705 0.156440 0.872000
-0.144194 0.156261 0.871000
-0.142849 0.156261 0.871000
-0.141504 0.156261 0.871000
-0.139999 0.156081 0.870000
-0.138496 0.155902 0.869000
-0.136997 0.155722 0.868000
-0.135657 0.155722 0.868000
-0.134163 0.155543 0.867000
-0.132671 0.155364 0.866000
-0.131334 0.155364 0.866000
-0.129847 0.155184 0.865000
-0.128363 0.155005 0.864000
-0.127029 0.155005 0.864000
-0.125405 0.154646 0.862000
-0.124074 0.154646 0.862000
-0.122459 0.154287 0.860000
-0.120990 0.154108 0.859000
-0.111718 0.152314 0.849000
-0.110407 0.152314 0.849000
-0.108968 0.152134 0.848000
-0.107659 0.152134 0.848000
-0.102181 0.151776 0.846000
-0.100875 0.151776 0.846000
-0.099334 0.151417 0.844000
-0.097915 0.151237 0.843000
-0.096614 0.151237 0.843000
-0.095199 0.151058 0.842000
-0.093788 0.150879 0.841000
-0.092380 0.150699 0.840000
-0.090975 0.150520 0.839000
-0.089679 0.150520 0.839000
-0.088384 0.150520 0.839000
-0.087089 0.150520 0.839000
-0.085794 0.150520 0.839000
-0.084398 0.150340 0.838000
-0.083203 0.150520 0.839000
-0.081811 0.150340 0.838000
-0.080517 0.150340 0.838000
-0.079318 0.150520 0.839000
-0.077930 0.150340 0.838000
-0.076728 0.150520 0.839000
-0.075432 0.150520 0.839000
-0.074226 0.150699 0.840000
-0.073016 0.150879 0.841000
-0.071803 0.151058 0.842000
-0.070587 0.151237 0.843000
-0.069368 0.151417 0.844000
-0.068226 0.151776 0.846000
-0.067078 0.152134 0.848000
-0.065847 0.152314 0.849000
-0.064612 0.152493 0.850000
-0.063449 0.152852 0.852000
-0.062061 0.152673 0.851000
-0.060818 0.152852 0.852000
-0.059643 0.153211 0.854000
-0.058393 0.153390 0.855000
-0.057340 0.154108 0.859000
-0.056144 0.154467 0.861000
-0.054942 0.154825 0.863000
-0.053797 0.155364 0.866000
-0.052641 0.155902 0.869000
-0.050131 0.156440 0.872000
-0.048953 0.156978 0.875000
-0.047711 0.157337 0.877000
-0.046463 0.157696 0.879000
-0.045208 0.158055 0.881000
-0.043948 0.158413 0.883000
-0.042585 0.158413 0.883000
-0.041315 0.158772 0.885000
-0.040039 0.159131 0.887000
-0.038757 0.159490 0.889000
-0.037511 0.160028 0.892000
-0.034835 0.160387 0.894000
-0.033567 0.160925 0.897000
-0.032254 0.161284 0.899000
-0.030935 0.161643 0.901000
-0.029642 0.162181 0.904000
-0.028341 0.162719 0.907000
-0.027000 0.163078 0.909000
-0.025653 0.163437 0.911000
-0.024300 0.163796 0.913000
-0.022916 0.163975 0.914000
-0.021528 0.164154 0.915000
-0.020138 0.164334 0.916000
-0.018744 0.164513 0.917000
-0.015930 0.164693 0.918000
-0.014529 0.164872 0.919000
-0.013124 0.165051 0.920000
-0.011730 0.165410 0.922000
-0.010340 0.165948 0.925000
-0.007541 0.167204 0.932000
-0.006128 0.167922 0.936000
-0.004708 0.168819 0.941000
-0.001811 0.169537 0.945000
-0.000353 0.170075 0.948000
0.001114 0.170613 0.951000
0.002587 0.170972 0.953000
0.004067 0.171331 0.955000
0.005547 0.171510 0.956000
0.007030 0.171689 0.957000
0.008508 0.171689 0.957000
0.009995 0.171869 0.958000
0.011474 0.171869 0.958000
0.012967 0.172048 0.959000
0.014462 0.172228 0.960000
-0.152785 0.158150 0.874000
-0.151436 0.158150 0.874000
-0.150087 0.158150 0.874000
-0.148568 0.157969 0.873000
-0.147220 0.157969 0.873000
-0.145705 0.157788 0.872000
-0.144194 0.157607 0.871000
-0.142849 0.157607 0.871000
-0.141342 0.157426 0.870000
-0.139838 0.157245 0.869000
-0.138337 0.157064 0.868000
-0.136997 0.157064 0.868000
-0.135657 0.157064 0.868000
-0.134163 0.156883 0.867000
-0.132671 0.156702 0.866000
-0.131182 0.156521 0.865000
-0.129847 0.156521 0.865000
-0.128363 0.156340 0.864000
-0.126882 0.156159 0.863000
-0.125405 0.155978 0.862000
-0.123786 0.155617 0.860000
-0.122316 0.155436 0.859000
-0.120990 0.155436 0.859000
-0.119385 0.155074 0.857000
-0.113162 0.153807 0.850000
-0.111718 0.153626 0.849000
-0.110407 0.153626 0.849000
-0.108968 0.153445 0.848000
-0.107659 0.153445 0.848000
-0.106225 0.153264 0.847000
-0.104917 0.153264 0.847000
-0.103487 0.153083 0.846000
-0.102181 0.153083 0.846000
-0.100637 0.152721 0.844000
-0.099334 0.152721 0.844000
-0.097915 0.152540 0.843000
-0.096499 0.152359 0.842000
-0.095086 0.152178 0.841000
-0.093676 0.151998 0.840000
-0.092380 0.151998 0.840000
-0.090975 0.151817 0.839000
-0.089572 0.151636 0.838000
-0.088173 0.151455 0.837000
-0.086881 0.151455 0.837000
-0.085589 0.151455 0.837000
-0.084297 0.151455 0.837000
-0.083005 0.151455 0.837000
-0.081615 0.151274 0.836000
-0.080325 0.151274 0.836000
-0.079034 0.151274 0.836000
-0.077744 0.151274 0.836000
-0.076545 0.151455 0.837000
-0.075253 0.151455 0.837000
-0.074049 0.151636 0.838000
-0.072842 0.151817 0.839000
-0.071632 0.151998 0.840000
-0.070419 0.152178 0.841000
-0.069285 0.152540 0.843000
-0.068065 0.152721 0.844000
-0.066920 0.153083 0.846000
-0.065769 0.153445 0.848000
-0.064536 0.153626 0.849000
-0.063300 0.153807 0.850000
-0.060818 0.154169 0.852000
-0.059573 0.154350 0.853000
-0.058393 0.154712 0.855000
-0.057206 0.155074 0.857000
-0.056014 0.155436 0.859000
-0.054815 0.155797 0.861000
-0.053610 0.156159 0.863000
-0.052460 0.156702 0.866000
-0.051241 0.157064 0.868000
-0.048785 0.157788 0.872000
-0.047602 0.158331 0.875000
-0.046410 0.158874 0.878000
-0.045106 0.159055 0.879000
-0.043848 0.159416 0.881000
-0.042585 0.159778 0.883000
-0.041315 0.160140 0.885000
-0.040039 0.160502 0.887000
-0.038757 0.160864 0.889000
-0.037469 0.161226 0.891000
-0.034835 0.161769 0.894000
-0.033567 0.162312 0.897000
-0.032254 0.162674 0.899000
-0.030935 0.163035 0.901000
-0.029642 0.163578 0.904000
-0.028309 0.163940 0.906000
-0.027000 0.164483 0.909000
-0.025653 0.164845 0.911000
-0.024273 0.165026 0.912000
-0.022890 0.165207 0.913000
-0.021528 0.165569 0.915000
-0.020138 0.165750 0.916000
-0.018744 0.165931 0.917000
-0.017347 0.166112 0.918000
-0.014529 0.166293 0.919000
-0.013124 0.166474 0.920000
-0.011730 0.166835 0.922000
-0.010340 0.167378 0.925000
-0.008941 0.167921 0.928000
-0.007541 0.168645 0.932000
-0.006122 0.169188 0.935000
-0.004703 0.170092 0.940000
-0.001809 0.170816 0.944000
-0.000353 0.171359 0.947000
0.001113 0.171902 0.950000
0.002585 0.172264 0.952000
0.004063 0.172626 0.954000
0.005541 0.172807 0.955000
0.007030 0.173169 0.957000
0.008508 0.173169 0.957000
0.009995 0.173350 0.958000
0.011474 0.173350 0.958000
0.012967 0.173531 0.959000
0.014462 0.173711 0.960000
-0.152785 0.159501 0.874000
-0.151436 0.159501 0.874000
-0.150087 0.159501 0.874000
-0.148568 0.159318 0.873000
-0.147220 0.159318 0.873000
-0.145705 0.159136 0.872000
-0.144194 0.158953 0.871000
-0.142849 0.158953 0.871000
-0.141179 0.158588 0.869000
-0.139838 0.158588 0.869000
-0.138337 0.158406 0.868000
-0.136997 0.158406 0.868000
-0.135501 0.158223 0.867000
-0.134008 0.158041 0.866000
-0.132671 0.158041 0.866000
-0.131182 0.157858 0.865000
-0.129697 0.157676 0.864000
-0.128215 0.157493 0.863000
-0.126735 0.157311 0.862000
-0.125405 0.157311 0.862000
-0.123786 0.156946 0.860000
-0.122316 0.156763 0.859000
-0.120990 0.156763 0.859000
-0.119246 0.156216 0.856000
-0.117787 0.156033 0.855000
-0.116195 0.155668 0.853000
-0.114743 0.155486 0.852000
-0.113162 0.155121 0.850000
-0.111718 0.154938 0.849000
-0.108840 0.154573 0.847000
-0.107532 0.154573 0.847000
-0.106225 0.154573 0.847000
-0.104793 0.154391 0.846000
-0.103487 0.154391 0.846000
-0.102181 0.154391 0.846000
-0.100637 0.154026 0.844000
-0.099334 0.154026 0.844000
-0.097915 0.153843 0.843000
-0.096384 0.153478 0.841000
-0.094973 0.153296 0.840000
-0.093565 0.153113 0.839000
-0.092160 0.152931 0.838000
-0.090758 0.152748 0.837000
-0.089359 0.152566 0.836000
-0.088068 0.152566 0.836000
-0.086674 0.152383 0.835000
-0.085385 0.152383 0.835000
-0.083995 0.152201 0.834000
-0.082708 0.152201 0.834000
-0.081420 0.152201 0.834000
-0.080133 0.152201 0.834000
-0.078845 0.152201 0.834000
-0.077558 0.152201 0.834000
-0.076362 0.152383 0.835000
-0.075073 0.152383 0.835000
-0.073872 0.152566 0.836000
-0.072668 0.152748 0.837000
-0.071462 0.152931 0.838000
-0.070252 0.153113 0.839000
-0.069121 0.153478 0.841000
-0.067984 0.153843 0.843000
-0.066841 0.154208 0.845000
-0.065614 0.154391 0.846000
-0.064460 0.154756 0.848000
-0.063300 0.155121 0.850000
-0.060818 0.155486 0.852000
-0.059573 0.155668 0.853000
-0.058393 0.156033 0.855000
-0.057206 0.156398 0.857000
-0.056014 0.156763 0.859000
-0.054751 0.156946 0.860000
-0.053610 0.157493 0.863000
-0.052399 0.157858 0.865000
-0.051182 0.158223 0.867000
-0.049959 0.158588 0.869000
-0.047439 0.159136 0.872000
-0.046198 0.159501 0.874000
-0.044952 0.159866 0.876000
-0.043749 0.160413 0.879000
-0.042488 0.160778 0.881000
-0.041268 0.161326 0.884000
-0.039994 0.161691 0.886000
-0.038757 0.162238 0.889000
-0.037469 0.162603 0.891000
-0.034835 0.163151 0.894000
-0.033530 0.163516 0.896000
-0.032254 0.164063 0.899000
-0.030935 0.164428 0.901000
-0.029642 0.164976 0.904000
-0.028309 0.165341 0.906000
-0.026970 0.165706 0.908000
-0.025625 0.166071 0.910000
-0.024273 0.166436 0.912000
-0.022890 0.166618 0.913000
-0.021505 0.166801 0.914000
-0.020138 0.167166 0.916000
-0.018744 0.167348 0.917000
-0.017347 0.167531 0.918000
-0.014529 0.167713 0.919000
-0.013124 0.167896 0.920000
-0.011730 0.168261 0.922000
-0.010340 0.168808 0.925000
-0.008941 0.169356 0.928000
-0.007541 0.170086 0.932000
-0.006122 0.170633 0.935000
-0.004698 0.171363 0.939000
-0.001807 0.172093 0.943000
-0.000353 0.172823 0.947000
0.001113 0.173370 0.950000
0.002585 0.173735 0.952000
0.004059 0.173918 0.953000
0.005541 0.174283 0.955000
0.007023 0.174465 0.956000
0.008508 0.174648 0.957000
0.009985 0.174648 0.957000
0.011474 0.174830 0.958000
0.012953 0.174830 0.958000
0.014462 0.175195 0.960000
-0.151436 0.160852 0.874000
-0.150087 0.160852 0.874000
-0.148568 0.160668 0.873000
-0.147220 0.160668 0.873000
-0.145705 0.160484 0.872000
-0.144194 0.160300 0.871000
-0.142849 0.160300 0.871000
-0.141179 0.159932 0.869000
-0.139838 0.159932 0.869000
-0.138337 0.159748 0.868000
-0.136839 0.159563 0.867000
-0.135345 0.159379 0.866000
-0.134008 0.159379 0.866000
-0.132518 0.159195 0.865000
-0.131182 0.159195 0.865000
-0.129697 0.159011 0.864000
-0.128215 0.158827 0.863000
-0.126735 0.158643 0.862000
-0.125114 0.158275 0.860000
-0.123642 0.158091 0.859000
-0.122316 0.158091 0.859000
-0.120708 0.157723 0.857000
-0.119246 0.157539 0.856000
-0.117787 0.157355 0.855000
-0.116195 0.156987 0.853000
-0.114743 0.156803 0.852000
-0.113162 0.156435 0.850000
-0.111718 0.156251 0.849000
-0.110277 0.156067 0.848000
-0.108840 0.155883 0.847000
-0.107532 0.155883 0.847000
-0.106099 0.155699 0.846000
-0.104793 0.155699 0.846000
-0.103487 0.155699 0.846000
-0.102061 0.155515 0.845000
-0.100637 0.155331 0.844000
-0.099216 0.155147 0.843000
-0.097799 0.154962 0.842000
-0.096384 0.154778 0.841000
-0.094860 0.154410 0.839000
-0.093453 0.154226 0.838000
-0.092160 0.154226 0.838000
-0.090758 0.154042 0.837000
-0.089252 0.153674 0.835000
-0.087963 0.153674 0.835000
-0.086570 0.153490 0.834000
-0.085283 0.153490 0.834000
-0.083894 0.153306 0.833000
-0.082608 0.153306 0.833000
-0.081323 0.153306 0.833000
-0.080037 0.153306 0.833000
-0.078751 0.153306 0.833000
-0.077465 0.153306 0.833000
-0.076270 0.153490 0.834000
-0.074983 0.153490 0.834000
-0.073784 0.153674 0.835000
-0.072495 0.153674 0.835000
-0.071376 0.154042 0.837000
-0.070168 0.154226 0.838000
-0.069039 0.154594 0.840000
-0.067823 0.154778 0.841000
-0.066683 0.155147 0.843000
-0.065536 0.155515 0.845000
-0.064460 0.156067 0.848000
-0.063225 0.156251 0.849000
-0.060747 0.156619 0.851000
-0.059573 0.156987 0.853000
-0.058393 0.157355 0.855000
-0.057140 0.157539 0.856000
-0.055949 0.157907 0.858000
-0.054751 0.158275 0.860000
-0.053548 0.158643 0.862000
-0.052339 0.159011 0.864000
-0.051123 0.159379 0.866000
-0.049901 0.159748 0.868000
-0.048729 0.160300 0.871000
-0.046145 0.160668 0.873000
-0.044952 0.161220 0.876000
-0.043699 0.161588 0.878000
-0.042440 0.161956 0.880000
-0.041175 0.162324 0.882000
-0.039949 0.162876 0.885000
-0.038713 0.163428 0.888000
-0.037469 0.163980 0.891000
-0.036174 0.164349 0.893000
-0.034835 0.164533 0.894000
-0.033530 0.164901 0.896000
-0.032254 0.165453 0.899000
-0.030935 0.165821 0.901000
-0.029642 0.166373 0.904000
-0.028309 0.166741 0.906000
-0.026970 0.167109 0.908000
-0.025625 0.167477 0.910000
-0.024247 0.167661 0.911000
-0.022890 0.168029 0.913000
-0.021505 0.168213 0.914000
-0.020116 0.168397 0.915000
-0.018724 0.168581 0.916000
-0.017347 0.168950 0.918000
-0.015930 0.168950 0.918000
-0.013110 0.169134 0.919000
-0.011730 0.169686 0.922000
-0.010340 0.170238 0.925000
-0.008941 0.170790 0.928000
-0.007533 0.171342 0.931000
-0.006115 0.171894 0.934000
-0.004693 0.172630 0.938000
-0.003259 0.173367 0.942000
-0.000352 0.174103 0.946000
0.001112 0.174655 0.949000
0.002582 0.175023 0.951000
0.004054 0.175207 0.952000
0.005536 0.175575 0.954000
0.007023 0.175943 0.956000
0.008508 0.176127 0.957000
0.009975 0.175943 0.956000
0.011462 0.176127 0.957000
0.012953 0.176311 0.958000
0.014447 0.176495 0.959000
-0.154311 0.162388 0.875000
-0.152785 0.162203 0.874000
-0.151436 0.162203 0.874000
-0.150087 0.162203 0.874000
-0.148568 0.162017 0.873000
-0.147220 0.162017 0.873000
-0.145538 0.161646 0.871000
-0.144194 0.161646 0.871000
-0.142685 0.161460 0.870000
-0.141179 0.161275 0.869000
-0.139677 0.161089 0.868000
-0.138337 0.161089 0.868000
-0.136839 0.160904 0.867000
-0.135345 0.160718 0.866000
-0.133853 0.160532 0.865000
-0.132365 0.160347 0.864000
-0.130879 0.160161 0.863000
-0.129547 0.160161 0.863000
-0.128066 0.159976 0.862000
-0.126441 0.159605 0.860000
-0.124968 0.159419 0.859000
-0.123642 0.159419 0.859000
-0.122174 0.159233 0.858000
-0.120708 0.159048 0.857000
-0.119107 0.158677 0.855000
-0.117649 0.158491 0.854000
-0.116195 0.158305 0.853000
-0.114609 0.157934 0.851000
-0.113162 0.157749 0.850000
-0.111718 0.157563 0.849000
-0.110277 0.157377 0.848000
-0.108840 0.157192 0.847000
-0.107405 0.157006 0.846000
-0.106099 0.157006 0.846000
-0.104793 0.157006 0.846000
-0.103365 0.156821 0.845000
-0.101940 0.156635 0.844000
-0.100637 0.156635 0.844000
-0.099216 0.156450 0.843000
-0.097799 0.156264 0.842000
-0.096270 0.155893 0.840000
-0.094860 0.155707 0.839000
-0.093453 0.155522 0.838000
-0.092050 0.155336 0.837000
-0.090649 0.155150 0.836000
-0.089252 0.154965 0.835000
-0.087857 0.154779 0.834000
-0.086570 0.154779 0.834000
-0.085180 0.154594 0.833000
-0.083894 0.154594 0.833000
-0.082608 0.154594 0.833000
-0.081323 0.154594 0.833000
-0.080037 0.154594 0.833000
-0.078751 0.154594 0.833000
-0.077465 0.154594 0.833000
-0.076179 0.154594 0.833000
-0.074983 0.154779 0.834000
-0.073695 0.154779 0.834000
-0.072495 0.154965 0.835000
-0.071291 0.155150 0.836000
-0.070168 0.155522 0.838000
-0.068957 0.155707 0.839000
-0.067823 0.156078 0.841000
-0.066683 0.156450 0.843000
-0.065536 0.156821 0.845000
-0.064384 0.157192 0.847000
-0.063225 0.157563 0.849000
-0.060747 0.157934 0.851000
-0.059573 0.158305 0.853000
-0.058393 0.158677 0.855000
-0.057140 0.158862 0.856000
-0.055949 0.159233 0.858000
-0.054751 0.159605 0.860000
-0.053548 0.159976 0.862000
-0.052278 0.160161 0.863000
-0.051064 0.160532 0.865000
-0.049844 0.160904 0.867000
-0.048673 0.161460 0.870000
-0.047439 0.161832 0.872000
-0.044849 0.162203 0.874000
-0.043649 0.162759 0.877000
-0.042392 0.163131 0.879000
-0.041175 0.163687 0.882000
-0.039949 0.164244 0.885000
-0.038670 0.164615 0.887000
-0.037427 0.165172 0.890000
-0.036174 0.165729 0.893000
-0.033492 0.166100 0.895000
-0.032218 0.166657 0.898000
-0.030935 0.167214 0.901000
-0.029610 0.167585 0.903000
-0.028309 0.168141 0.906000
-0.026970 0.168513 0.908000
-0.025625 0.168884 0.910000
-0.024247 0.169069 0.911000
-0.022890 0.169441 0.913000
-0.021505 0.169626 0.914000
-0.020116 0.169812 0.915000
-0.018724 0.169997 0.916000
-0.017328 0.170183 0.917000
-0.014529 0.170554 0.919000
-0.013124 0.170740 0.920000
-0.011730 0.171111 0.922000
-0.010340 0.171668 0.925000
-0.008941 0.172224 0.928000
-0.007533 0.172781 0.931000
-0.006122 0.173524 0.935000
-0.004693 0.174080 0.938000
-0.003259 0.174823 0.942000
-0.000352 0.175379 0.945000
0.001110 0.175936 0.948000
0.002579 0.176307 0.950000
0.004054 0.176678 0.952000
0.005530 0.176864 0.953000
0.007016 0.177235 0.955000
0.008499 0.177421 0.956000
0.009975 0.177421 0.956000
0.011462 0.177606 0.957000
0.012953 0.177792 0.958000
0.014447 0.177978 0.959000
-0.155484 0.163554 0.874000
-0.154135 0.163554 0.874000
-0.152785 0.163554 0.874000
-0.151263 0.163367 0.873000
-0.149915 0.163367 0.873000
-0.148568 0.163367 0.873000
-0.147051 0.163179 0.872000
-0.145538 0.162992 0.871000
-0.144028 0.162805 0.870000
-0.142521 0.162618 0.869000
-0.141017 0.162431 0.868000
-0.139677 0.162431 0.868000
-0.138178 0.162244 0.867000
-0.136681 0.162057 0.866000
-0.135188 0.161870 0.865000
-0.133698 0.161682 0.864000
-0.132211 0.161495 0.863000
-0.130727 0.161308 0.862000
-0.129397 0.161308 0.862000
-0.127769 0.160934 0.860000
-0.126294 0.160747 0.859000
-0.124968 0.160747 0.859000
-0.123498 0.160560 0.858000
-0.122031 0.160372 0.857000
-0.120568 0.160185 0.856000
-0.119107 0.159998 0.855000
-0.117649 0.159811 0.854000
-0.116058 0.159437 0.852000
-0.114609 0.159250 0.851000
-0.113162 0.159063 0.850000
-0.111718 0.158875 0.849000
-0.110277 0.158688 0.848000
-0.108711 0.158314 0.846000
-0.107405 0.158314 0.846000
-0.105974 0.158127 0.845000
-0.104669 0.158127 0.845000
-0.103243 0.157940 0.844000
-0.101940 0.157940 0.844000
-0.100518 0.157753 0.843000
-0.099099 0.157565 0.842000
-0.097683 0.157378 0.841000
-0.096270 0.157191 0.840000
-0.094860 0.157004 0.839000
-0.093453 0.156817 0.838000
-0.091940 0.156443 0.836000
-0.090541 0.156256 0.835000
-0.089252 0.156256 0.835000
-0.087857 0.156068 0.834000
-0.086466 0.155881 0.833000
-0.085180 0.155881 0.833000
-0.083894 0.155881 0.833000
-0.082608 0.155881 0.833000
-0.081225 0.155694 0.832000
-0.079941 0.155694 0.832000
-0.078751 0.155881 0.833000
-0.077465 0.155881 0.833000
-0.076179 0.155881 0.833000
-0.074893 0.155881 0.833000
-0.073695 0.156068 0.834000
-0.072495 0.156256 0.835000
-0.071291 0.156443 0.836000
-0.070084 0.156630 0.837000
-0.068957 0.157004 0.839000
-0.067742 0.157191 0.840000
-0.066683 0.157753 0.843000
-0.065536 0.158127 0.845000
-0.064384 0.158501 0.847000
-0.063225 0.158875 0.849000
-0.060747 0.159250 0.851000
-0.059573 0.159624 0.853000
-0.058393 0.159998 0.855000
-0.057206 0.160372 0.857000
-0.056014 0.160747 0.859000
-0.054751 0.160934 0.860000
-0.053548 0.161308 0.862000
-0.052278 0.161495 0.863000
-0.051064 0.161870 0.865000
-0.049844 0.162244 0.867000
-0.048617 0.162618 0.869000
-0.047384 0.162992 0.871000
-0.044849 0.163554 0.874000
-0.043599 0.163928 0.876000
-0.042392 0.164489 0.879000
-0.041128 0.164864 0.881000
-0.039904 0.165425 0.884000
-0.038670 0.165986 0.887000
-0.037427 0.166548 0.890000
-0.036174 0.167109 0.893000
-0.033492 0.167483 0.895000
-0.032218 0.168045 0.898000
-0.030901 0.168419 0.900000
-0.029610 0.168981 0.903000
-0.028278 0.169355 0.905000
-0.026940 0.169729 0.907000
-0.025597 0.170103 0.909000
-0.024247 0.170478 0.911000
-0.022865 0.170665 0.912000
-0.021481 0.170852 0.913000
-0.020116 0.171226 0.915000
-0.018724 0.171413 0.916000
-0.017347 0.171788 0.918000
-0.014529 0.171975 0.919000
-0.013124 0.172162 0.920000
-0.011730 0.172536 0.922000
-0.010340 0.173097 0.925000
-0.008941 0.173659 0.928000
-0.007533 0.174220 0.931000
-0.006122 0.174969 0.935000
-0.004693 0.175530 0.938000
-0.003256 0.176092 0.941000
-0.000352 0.176840 0.945000
0.001110 0.177402 0.948000
0.002579 0.177776 0.950000
0.004050 0.177963 0.951000
0.005530 0.178337 0.953000
0.007008 0.178524 0.954000
0.008490 0.178711 0.955000
0.009975 0.178899 0.956000
0.011462 0.179086 0.957000
0.012940 0.179086 0.957000
0.014432 0.179273 0.958000
-0.154135 0.164905 0.874000
-0.152611 0.164716 0.873000
-0.151263 0.164716 0.873000
-0.149744 0.164527 0.872000
-0.148397 0.164527 0.872000
-0.146883 0.164339 0.871000
-0.145371 0.164150 0.870000
-0.143862 0.163961 0.869000
-0.142357 0.163773 0.868000
-0.141017 0.163773 0.868000
-0.139516 0.163584 0.867000
-0.138018 0.163395 0.866000
-0.136524 0.163207 0.865000
-0.135188 0.163207 0.865000
-0.133544 0.162829 0.863000
-0.132058 0.162641 0.862000
-0.130727 0.162641 0.862000
-0.129097 0.162263 0.860000
-0.127620 0.162075 0.859000
-0.126294 0.162075 0.859000
-0.124823 0.161886 0.858000
-0.123354 0.161697 0.857000
-0.121889 0.161508 0.856000
-0.120568 0.161508 0.856000
-0.119107 0.161320 0.855000
-0.117511 0.160942 0.853000
-0.116058 0.160754 0.852000
-0.114609 0.160565 0.851000
-0.113162 0.160376 0.850000
-0.111718 0.160188 0.849000
-0.110277 0.159999 0.848000
-0.108711 0.159622 0.846000
-0.107278 0.159433 0.845000
-0.105974 0.159433 0.845000
-0.104546 0.159244 0.844000
-0.103243 0.159244 0.844000
-0.101819 0.159056 0.843000
-0.100398 0.158867 0.842000
-0.098981 0.158678 0.841000
-0.097567 0.158490 0.840000
-0.096155 0.158301 0.839000
-0.094747 0.158112 0.838000
-0.093342 0.157924 0.837000
-0.091940 0.157735 0.836000
-0.090541 0.157546 0.835000
-0.089145 0.157358 0.834000
-0.087752 0.157169 0.833000
-0.086466 0.157169 0.833000
-0.085180 0.157169 0.833000
-0.083794 0.156980 0.832000
-0.082509 0.156980 0.832000
-0.081225 0.156980 0.832000
-0.079941 0.156980 0.832000
-0.078656 0.156980 0.832000
-0.077372 0.156980 0.832000
-0.076179 0.157169 0.833000
-0.074893 0.157169 0.833000
-0.073695 0.157358 0.834000
-0.072495 0.157546 0.835000
-0.071291 0.157735 0.836000
-0.070084 0.157924 0.837000
-0.068957 0.158301 0.839000
-0.067742 0.158490 0.840000
-0.066604 0.158867 0.842000
-0.065459 0.159244 0.844000
-0.064384 0.159810 0.847000
-0.063225 0.160188 0.849000
-0.060747 0.160565 0.851000
-0.059573 0.160942 0.853000
-0.058393 0.161320 0.855000
-0.057206 0.161697 0.857000
-0.056014 0.162075 0.859000
-0.054751 0.162263 0.860000
-0.053548 0.162641 0.862000
-0.052278 0.162829 0.863000
-0.051064 0.163207 0.865000
-0.049844 0.163584 0.867000
-0.048617 0.163961 0.869000
-0.047439 0.164527 0.872000
-0.044849 0.164905 0.874000
-0.043649 0.165471 0.877000
-0.042392 0.165848 0.879000
-0.041128 0.166225 0.881000
-0.039904 0.166791 0.884000
-0.038670 0.167357 0.887000
-0.037427 0.167924 0.890000
-0.036134 0.168301 0.892000
-0.033492 0.168867 0.895000
-0.032182 0.169244 0.897000
-0.030901 0.169810 0.900000
-0.029577 0.170188 0.902000
-0.028247 0.170565 0.904000
-0.026940 0.171131 0.907000
-0.025569 0.171320 0.908000
-0.024220 0.171697 0.910000
-0.022865 0.172074 0.912000
-0.021481 0.172263 0.913000
-0.020116 0.172640 0.915000
-0.018724 0.172829 0.916000
-0.017328 0.173018 0.917000
-0.014529 0.173395 0.919000
-0.013124 0.173584 0.920000
-0.011730 0.173961 0.922000
-0.010340 0.174527 0.925000
-0.008941 0.175093 0.928000
-0.007533 0.175659 0.931000
-0.006122 0.176414 0.935000
-0.004693 0.176980 0.938000
-0.003259 0.177735 0.942000
-0.000352 0.178301 0.945000
0.001109 0.178678 0.947000
0.002577 0.179056 0.949000
0.004050 0.179433 0.951000
0.005524 0.179622 0.952000
0.007001 0.179810 0.953000
0.008481 0.179999 0.954000
0.009964 0.180188 0.955000
0.011450 0.180376 0.956000
0.012940 0.180565 0.957000
0.014432 0.180754 0.958000
-0.153958 0.166065 0.873000
-0.152436 0.165875 0.872000
-0.151090 0.165875 0.872000
-0.149572 0.165685 0.871000
-0.148227 0.165685 0.871000
-0.146714 0.165495 0.870000
-0.145204 0.165305 0.869000
-0.143862 0.165305 0.869000
-0.142357 0.165114 0.868000
-0.140855 0.164924 0.867000
-0.139355 0.164734 0.866000
-0.137859 0.164544 0.865000
-0.136524 0.164544 0.865000
-0.135032 0.164353 0.864000
-0.133544 0.164163 0.863000
-0.132058 0.163973 0.862000
-0.130576 0.163783 0.861000
-0.128946 0.163402 0.859000
-0.127620 0.163402 0.859000
-0.126147 0.163212 0.858000
-0.124677 0.163022 0.857000
-0.123354 0.163022 0.857000
-0.121889 0.162832 0.856000
-0.120568 0.162832 0.856000
-0.119107 0.162641 0.855000
-0.117511 0.162261 0.853000
-0.116058 0.162071 0.852000
-0.114474 0.161690 0.850000
-0.113029 0.161500 0.849000
-0.111586 0.161310 0.848000
-0.110147 0.161120 0.847000
-0.108711 0.160929 0.846000
-0.107151 0.160549 0.844000
-0.105848 0.160549 0.844000
-0.104546 0.160549 0.844000
-0.103120 0.160359 0.843000
-0.101698 0.160168 0.842000
-0.100279 0.159978 0.841000
-0.098863 0.159788 0.840000
-0.097567 0.159788 0.840000
-0.096155 0.159598 0.839000
-0.093342 0.159217 0.837000
-0.091830 0.158837 0.835000
-0.090432 0.158647 0.834000
-0.089145 0.158647 0.834000
-0.087752 0.158456 0.833000
-0.086466 0.158456 0.833000
-0.085078 0.158266 0.832000
-0.083794 0.158266 0.832000
-0.082509 0.158266 0.832000
-0.081225 0.158266 0.832000
-0.079941 0.158266 0.832000
-0.078656 0.158266 0.832000
-0.077372 0.158266 0.832000
-0.076087 0.158266 0.832000
-0.074893 0.158456 0.833000
-0.073607 0.158456 0.833000
-0.072408 0.158647 0.834000
-0.071206 0.158837 0.835000
-0.070084 0.159217 0.837000
-0.068874 0.159408 0.838000
-0.067742 0.159788 0.840000
-0.066604 0.160168 0.842000
-0.065459 0.160549 0.844000
-0.064308 0.160929 0.846000
-0.063225 0.161500 0.849000
-0.061988 0.161690 0.850000
-0.059503 0.162071 0.852000
-0.058324 0.162451 0.854000
-0.057140 0.162832 0.856000
-0.055949 0.163212 0.858000
-0.054751 0.163593 0.860000
-0.053548 0.163973 0.862000
-0.052278 0.164163 0.863000
-0.051064 0.164544 0.865000
-0.049901 0.165114 0.868000
-0.048673 0.165495 0.870000
-0.047439 0.165875 0.872000
-0.044900 0.166446 0.875000
-0.043649 0.166826 0.877000
-0.042392 0.167207 0.879000
-0.041175 0.167777 0.882000
-0.039904 0.168158 0.884000
-0.038670 0.168729 0.887000
-0.037385 0.169109 0.889000
-0.036134 0.169680 0.892000
-0.033492 0.170250 0.895000
-0.032182 0.170631 0.897000
-0.030866 0.171011 0.899000
-0.029544 0.171392 0.901000
-0.028216 0.171772 0.903000
-0.026911 0.172343 0.906000
-0.025569 0.172723 0.908000
-0.024193 0.172913 0.909000
-0.022840 0.173294 0.911000
-0.021481 0.173674 0.913000
-0.020094 0.173865 0.914000
-0.018703 0.174055 0.915000
-0.017310 0.174245 0.916000
-0.015930 0.174625 0.918000
-0.013124 0.175006 0.920000
-0.011730 0.175386 0.922000
-0.010340 0.175957 0.925000
-0.008941 0.176528 0.928000
-0.007533 0.177098 0.931000
-0.006122 0.177859 0.935000
-0.004693 0.178430 0.938000
-0.003256 0.179001 0.941000
-0.000352 0.179762 0.945000
0.001109 0.180142 0.947000
0.002577 0.180522 0.949000
0.004050 0.180903 0.951000
0.005524 0.181093 0.952000
0.007001 0.181283 0.953000
0.008481 0.181474 0.954000
0.009964 0.181664 0.955000
0.011438 0.181664 0.955000
0.012926 0.181854 0.956000
0.014432 0.182234 0.958000
0.015911 0.182234 0.958000
-0.153958 0.167415 0.873000
-0.152436 0.167223 0.872000
-0.150916 0.167031 0.871000
-0.149572 0.167031 0.871000
-0.148057 0.166840 0.870000
-0.146545 0.166648 0.869000
-0.145204 0.166648 0.869000
-0.143697 0.166456 0.868000
-0.142193 0.166264 0.867000
-0.140692 0.166072 0.866000
-0.139194 0.165881 0.865000
-0.137859 0.165881 0.865000
-0.136366 0.165689 0.864000
-0.134876 0.165497 0.863000
-0.133389 0.165305 0.862000
-0.131905 0.165114 0.861000
-0.130424 0.164922 0.860000
-0.128946 0.164730 0.859000
-0.127620 0.164730 0.859000
-0.126147 0.164538 0.858000
-0.124677 0.164347 0.857000
-0.123210 0.164155 0.856000
-0.121889 0.164155 0.856000
-0.120427 0.163963 0.855000
-0.118968 0.163771 0.854000
-0.117511 0.163579 0.853000
-0.116058 0.163388 0.852000
-0.114474 0.163004 0.850000
-0.113029 0.162812 0.849000
-0.111586 0.162621 0.848000
-0.110017 0.162237 0.846000
-0.108583 0.162045 0.845000
-0.107151 0.161854 0.844000
-0.105723 0.161662 0.843000
-0.104422 0.161662 0.843000
-0.102998 0.161470 0.842000
-0.101577 0.161278 0.841000
-0.100279 0.161278 0.841000
-0.098863 0.161086 0.840000
-0.097450 0.160895 0.839000
-0.096041 0.160703 0.838000
-0.094634 0.160511 0.837000
-0.093230 0.160319 0.836000
-0.091830 0.160128 0.835000
-0.090432 0.159936 0.834000
-0.089038 0.159744 0.833000
-0.087647 0.159552 0.832000
-0.086362 0.159552 0.832000
-0.085078 0.159552 0.832000
-0.083693 0.159361 0.831000
-0.082410 0.159361 0.831000
-0.081127 0.159361 0.831000
-0.079844 0.159361 0.831000
-0.078562 0.159361 0.831000
-0.077279 0.159361 0.831000
-0.075996 0.159361 0.831000
-0.074803 0.159552 0.832000
-0.073607 0.159744 0.833000
-0.072408 0.159936 0.834000
-0.071206 0.160128 0.835000
-0.070084 0.160511 0.837000
-0.068874 0.160703 0.838000
-0.067742 0.161086 0.840000
-0.066604 0.161470 0.842000
-0.065459 0.161854 0.844000
-0.064308 0.162237 0.846000
-0.063151 0.162621 0.848000
-0.061988 0.163004 0.850000
-0.059503 0.163388 0.852000
-0.058393 0.163963 0.855000
-0.057206 0.164347 0.857000
-0.056014 0.164730 0.859000
-0.054751 0.164922 0.860000
-0.053548 0.165305 0.862000
-0.052339 0.165689 0.864000
-0.051123 0.166072 0.866000
-0.049901 0.166456 0.868000
-0.048729 0.167031 0.871000
-0.046145 0.167415 0.873000
-0.044900 0.167798 0.875000
-0.043699 0.168374 0.878000
-0.042440 0.168757 0.880000
-0.041175 0.169141 0.882000
-0.039949 0.169716 0.885000
-0.038670 0.170100 0.887000
-0.037385 0.170483 0.889000
-0.036093 0.170867 0.891000
-0.034835 0.171442 0.894000
-0.032146 0.171826 0.896000
-0.030832 0.172209 0.898000
-0.029544 0.172784 0.901000
-0.028184 0.172976 0.902000
-0.026851 0.173360 0.904000
-0.025512 0.173743 0.906000
-0.024167 0.174127 0.908000
-0.022815 0.174510 0.910000
-0.021458 0.174894 0.912000
-0.020072 0.175086 0.913000
-0.018703 0.175469 0.915000
-0.017328 0.175853 0.917000
-0.015930 0.176044 0.918000
-0.013124 0.176428 0.920000
-0.011742 0.177003 0.923000
-0.010340 0.177387 0.925000
-0.008941 0.177962 0.928000
-0.007541 0.178729 0.932000
-0.006122 0.179305 0.935000
-0.004693 0.179880 0.938000
-0.003256 0.180455 0.941000
-0.000352 0.181030 0.944000
0.001109 0.181606 0.947000
0.002577 0.181989 0.949000
0.004046 0.182181 0.950000
0.005518 0.182373 0.951000
0.006994 0.182565 0.952000
0.008481 0.182948 0.954000
0.009954 0.182948 0.954000
0.011438 0.183140 0.955000
0.012926 0.183332 0.956000
0.014417 0.183523 0.957000
0.015911 0.183715 0.958000
-0.155306 0.168764 0.873000
-0.153606 0.168378 0.871000
-0.152261 0.168378 0.871000
-0.150916 0.168378 0.871000
-0.149400 0.168184 0.870000
-0.147887 0.167991 0.869000
-0.146545 0.167991 0.869000
-0.145037 0.167798 0.868000
-0.143531 0.167604 0.867000
-0.142029 0.167411 0.866000
-0.140692 0.167411 0.866000
-0.139194 0.167218 0.865000
-0.137859 0.167218 0.865000
-0.136366 0.167024 0.864000
-0.134876 0.166831 0.863000
-0.133389 0.166638 0.862000
-0.131905 0.166444 0.861000
-0.130424 0.166251 0.860000
-0.128946 0.166058 0.859000
-0.127472 0.165865 0.858000
-0.126147 0.165865 0.858000
-0.124677 0.165671 0.857000
-0.123210 0.165478 0.856000
-0.121889 0.165478 0.856000
-0.120427 0.165285 0.855000
-0.118968 0.165091 0.854000
-0.117374 0.164705 0.852000
-0.115922 0.164511 0.851000
-0.114474 0.164318 0.850000
-0.113029 0.164125 0.849000
-0.111586 0.163931 0.848000
-0.110017 0.163545 0.846000
-0.108454 0.163158 0.844000
-0.107024 0.162965 0.843000
-0.105723 0.162965 0.843000
-0.104298 0.162771 0.842000
-0.102876 0.162578 0.841000
-0.101577 0.162578 0.841000
-0.100160 0.162385 0.840000
-0.098746 0.162192 0.839000
-0.097334 0.161998 0.838000
-0.095926 0.161805 0.837000
-0.094521 0.161612 0.836000
-0.093119 0.161418 0.835000
-0.091720 0.161225 0.834000
-0.090432 0.161225 0.834000
-0.089038 0.161032 0.833000
-0.087647 0.160838 0.832000
-0.086362 0.160838 0.832000
-0.084976 0.160645 0.831000
-0.083693 0.160645 0.831000
-0.082410 0.160645 0.831000
-0.081127 0.160645 0.831000
-0.079748 0.160452 0.830000
-0.078467 0.160452 0.830000
-0.077279 0.160645 0.831000
-0.075996 0.160645 0.831000
-0.074713 0.160645 0.831000
-0.073519 0.160838 0.832000
-0.072321 0.161032 0.833000
-0.071121 0.161225 0.834000
-0.070001 0.161612 0.836000
-0.068874 0.161998 0.838000
-0.067742 0.162385 0.840000
-0.066524 0.162578 0.841000
-0.065459 0.163158 0.844000
-0.064308 0.163545 0.846000
-0.063225 0.164125 0.849000
-0.061988 0.164318 0.850000
-0.059503 0.164705 0.852000
-0.058324 0.165091 0.854000
-0.057140 0.165478 0.856000
-0.055949 0.165865 0.858000
-0.054751 0.166251 0.860000
-0.053610 0.166831 0.863000
-0.052399 0.167218 0.865000
-0.051182 0.167604 0.867000
-0.049959 0.167991 0.869000
-0.048729 0.168378 0.871000
-0.046198 0.168958 0.874000
-0.044952 0.169344 0.876000
-0.043699 0.169731 0.878000
-0.042440 0.170117 0.880000
-0.041175 0.170504 0.882000
-0.039904 0.170891 0.884000
-0.038626 0.171277 0.886000
-0.037343 0.171664 0.888000
-0.036053 0.172051 0.890000
-0.034796 0.172631 0.893000
-0.032111 0.173017 0.895000
-0.030798 0.173404 0.897000
-0.029478 0.173790 0.899000
-0.028153 0.174177 0.901000
-0.026822 0.174564 0.903000
-0.025484 0.174950 0.905000
-0.024167 0.175530 0.908000
-0.022790 0.175724 0.909000
-0.021458 0.176304 0.912000
-0.020072 0.176497 0.913000
-0.018703 0.176884 0.915000
-0.017328 0.177270 0.917000
-0.015930 0.177463 0.918000
-0.013124 0.177850 0.920000
-0.011730 0.178237 0.922000
-0.010340 0.178817 0.925000
-0.008941 0.179397 0.928000
-0.007533 0.179977 0.931000
-0.006122 0.180750 0.935000
-0.004693 0.181330 0.938000
-0.003256 0.181910 0.941000
-0.000352 0.182490 0.944000
0.001109 0.183070 0.947000
0.002574 0.183263 0.948000
0.004042 0.183456 0.949000
0.005518 0.183843 0.951000
0.006994 0.184036 0.952000
0.008472 0.184229 0.953000
0.009954 0.184423 0.954000
0.011426 0.184423 0.954000
0.012913 0.184616 0.955000
0.014402 0.184809 0.956000
0.015894 0.185003 0.957000
-0.154950 0.169724 0.871000
-0.153606 0.169724 0.871000
-0.152086 0.169529 0.870000
-0.150570 0.169334 0.869000
-0.149228 0.169334 0.869000
-0.147887 0.169334 0.869000
-0.146377 0.169139 0.868000
-0.144870 0.168945 0.867000
-0.143531 0.168945 0.867000
-0.142029 0.168750 0.866000
-0.140530 0.168555 0.865000
-0.139194 0.168555 0.865000
-0.137700 0.168360 0.864000
-0.136208 0.168165 0.863000
-0.134876 0.168165 0.863000
-0.133389 0.167970 0.862000
-0.131905 0.167775 0.861000
-0.130272 0.167386 0.859000
-0.128946 0.167386 0.859000
-0.127472 0.167191 0.858000
-0.126000 0.166996 0.857000
-0.124677 0.166996 0.857000
-0.123210 0.166801 0.856000
-0.121889 0.166801 0.856000
-0.120427 0.166606 0.855000
-0.118968 0.166411 0.854000
-0.117374 0.166022 0.852000
-0.115922 0.165827 0.851000
-0.114474 0.165632 0.850000
-0.113029 0.165437 0.849000
-0.111455 0.165047 0.847000
-0.110017 0.164852 0.846000
-0.108326 0.164268 0.843000
-0.107024 0.164268 0.843000
-0.105598 0.164073 0.842000
-0.104174 0.163878 0.841000
-0.102876 0.163878 0.841000
-0.101457 0.163683 0.840000
-0.100160 0.163683 0.840000
-0.098746 0.163488 0.839000
-0.097334 0.163294 0.838000
-0.095926 0.163099 0.837000
-0.094521 0.162904 0.836000
-0.093119 0.162709 0.835000
-0.091720 0.162514 0.834000
-0.090324 0.162319 0.833000
-0.089038 0.162319 0.833000
-0.087647 0.162124 0.832000
-0.086362 0.162124 0.832000
-0.084976 0.161930 0.831000
-0.083693 0.161930 0.831000
-0.082311 0.161735 0.830000
-0.081030 0.161735 0.830000
-0.079748 0.161735 0.830000
-0.078467 0.161735 0.830000
-0.077186 0.161735 0.830000
-0.074713 0.161930 0.831000
-0.073430 0.161930 0.831000
-0.072321 0.162319 0.833000
-0.071121 0.162514 0.834000
-0.070001 0.162904 0.836000
-0.068874 0.163294 0.838000
-0.067661 0.163488 0.839000
-0.066524 0.163878 0.841000
-0.065459 0.164463 0.844000
-0.064308 0.164852 0.846000
-0.063151 0.165242 0.848000
-0.061988 0.165632 0.850000
-0.059503 0.166022 0.852000
-0.058324 0.166411 0.854000
-0.057140 0.166801 0.856000
-0.055949 0.167191 0.858000
-0.054815 0.167775 0.861000
-0.053610 0.168165 0.863000
-0.052399 0.168555 0.865000
-0.051241 0.169139 0.868000
-0.050016 0.169529 0.870000
-0.048785 0.169919 0.872000
-0.046198 0.170309 0.874000
-0.044952 0.170698 0.876000
-0.043749 0.171283 0.879000
-0.042440 0.171478 0.880000
-0.041175 0.171867 0.882000
-0.039904 0.172257 0.884000
-0.038626 0.172647 0.886000
-0.037343 0.173037 0.888000
-0.036012 0.173231 0.889000
-0.034757 0.173816 0.892000
-0.033455 0.174206 0.894000
-0.030763 0.174595 0.896000
-0.029446 0.174985 0.898000
-0.028122 0.175375 0.900000
-0.026792 0.175765 0.902000
-0.025456 0.176154 0.904000
-0.024114 0.176544 0.906000
-0.022790 0.177129 0.909000
-0.021434 0.177518 0.911000
-0.020072 0.177908 0.913000
-0.018703 0.178298 0.915000
-0.017328 0.178688 0.917000
-0.015930 0.178882 0.918000
-0.013124 0.179272 0.920000
-0.011730 0.179662 0.922000
-0.010340 0.180246 0.925000
-0.008941 0.180831 0.928000
-0.007533 0.181416 0.931000
-0.006122 0.182195 0.935000
-0.004693 0.182780 0.938000
-0.003256 0.183364 0.941000
-0.001807 0.183754 0.943000
0.001108 0.184339 0.946000
0.002574 0.184728 0.948000
0.004042 0.184923 0.949000
0.005512 0.185118 0.950000
0.006986 0.185313 0.951000
0.008463 0.185508 0.952000
0.009943 0.185703 0.953000
0.011426 0.185897 0.954000
0.012913 0.186092 0.955000
0.014402 0.186287 0.956000
0.015878 0.186287 0.956000
-0.154594 0.170677 0.869000
-0.153253 0.170677 0.869000
-0.151911 0.170677 0.869000
-0.150570 0.170677 0.869000
-0.149057 0.170481 0.868000
-0.147717 0.170481 0.868000
-0.146208 0.170285 0.867000
-0.144870 0.170285 0.867000
-0.143366 0.170088 0.866000
-0.142029 0.170088 0.866000
-0.140530 0.169892 0.865000
-0.139194 0.169892 0.865000
-0.137700 0.169695 0.864000
-0.136208 0.169499 0.863000
-0.134876 0.169499 0.863000
-0.133389 0.169303 0.862000
-0.132058 0.169303 0.862000
-0.130424 0.168910 0.860000
-0.128946 0.168713 0.859000
-0.127620 0.168713 0.859000
-0.126147 0.168517 0.858000
-0.124677 0.168321 0.857000
-0.123210 0.168124 0.856000
-0.121747 0.167928 0.855000
-0.120427 0.167928 0.855000
-0.118828 0.167535 0.853000
-0.117374 0.167339 0.852000
-0.115786 0.166946 0.850000
-0.114339 0.166749 0.849000
-0.112895 0.166553 0.848000
-0.111455 0.166357 0.847000
-0.109887 0.165964 0.845000
-0.108326 0.165571 0.843000
-0.107024 0.165571 0.843000
-0.105598 0.165375 0.842000
-0.104174 0.165178 0.841000
-0.102753 0.164982 0.840000
-0.101457 0.164982 0.840000
-0.100041 0.164785 0.839000
-0.098628 0.164589 0.838000
-0.097334 0.164589 0.838000
-0.095926 0.164392 0.837000
-0.094408 0.164000 0.835000
-0.093119 0.164000 0.835000
-0.091720 0.163803 0.834000
-0.090324 0.163607 0.833000
-0.089038 0.163607 0.833000
-0.087647 0.163410 0.832000
-0.086259 0.163214 0.831000
-0.084976 0.163214 0.831000
-0.083592 0.163018 0.830000
-0.082311 0.163018 0.830000
-0.080932 0.162821 0.829000
-0.079652 0.162821 0.829000
-0.078373 0.162821 0.829000
-0.077186 0.163018 0.830000
-0.075905 0.163018 0.830000
-0.073430 0.163214 0.831000
-0.072234 0.163410 0.832000
-0.071121 0.163803 0.834000
-0.069917 0.164000 0.835000
-0.068874 0.164589 0.838000
-0.067661 0.164785 0.839000
-0.066524 0.165178 0.841000
-0.065459 0.165767 0.844000
-0.064308 0.166160 0.846000
-0.063151 0.166553 0.848000
-0.061988 0.166946 0.850000
-0.059503 0.167339 0.852000
-0.058324 0.167731 0.854000
-0.057140 0.168124 0.856000
-0.055949 0.168517 0.858000
-0.054751 0.168910 0.860000
-0.053610 0.169499 0.863000
-0.052399 0.169892 0.865000
-0.051241 0.170481 0.868000
-0.050016 0.170874 0.870000
-0.047493 0.171463 0.873000
-0.046251 0.171856 0.875000
-0.045003 0.172249 0.877000
-0.043749 0.172642 0.879000
-0.042488 0.173034 0.881000
-0.041175 0.173231 0.882000
-0.039904 0.173624 0.884000
-0.038626 0.174016 0.886000
-0.037301 0.174213 0.887000
-0.036012 0.174606 0.889000
-0.034718 0.174998 0.891000
-0.033417 0.175391 0.893000
-0.030729 0.175784 0.895000
-0.029413 0.176177 0.897000
-0.028091 0.176570 0.899000
-0.026762 0.176962 0.901000
-0.025456 0.177552 0.904000
-0.024114 0.177945 0.906000
-0.022790 0.178534 0.909000
-0.021434 0.178927 0.911000
-0.020072 0.179319 0.913000
-0.018703 0.179712 0.915000
-0.017328 0.180105 0.917000
-0.014529 0.180498 0.919000
-0.013139 0.180891 0.921000
-0.011742 0.181283 0.923000
-0.010351 0.181873 0.926000
-0.008951 0.182462 0.929000
-0.007541 0.183051 0.932000
-0.006122 0.183640 0.935000
-0.004688 0.184033 0.937000
-0.003252 0.184622 0.940000
-0.001807 0.185212 0.943000
0.001107 0.185604 0.945000
0.002571 0.185997 0.947000
0.004037 0.186194 0.948000
0.005507 0.186390 0.949000
0.006979 0.186586 0.950000
0.008463 0.186979 0.952000
0.009943 0.187176 0.953000
0.011414 0.187176 0.953000
0.012899 0.187372 0.954000
0.014387 0.187568 0.955000
0.015878 0.187765 0.956000
-0.153076 0.171823 0.868000
-0.149057 0.171823 0.868000
-0.147717 0.171823 0.868000
-0.146208 0.171625 0.867000
-0.144703 0.171427 0.866000
-0.143366 0.171427 0.866000
-0.142029 0.171427 0.866000
-0.140530 0.171229 0.865000
-0.139194 0.171229 0.865000
-0.137700 0.171031 0.864000
-0.136366 0.171031 0.864000
-0.134876 0.170833 0.863000
-0.133544 0.170833 0.863000
-0.132058 0.170635 0.862000
-0.130424 0.170239 0.860000
-0.128946 0.170041 0.859000
-0.127620 0.170041 0.859000
-0.126147 0.169843 0.858000
-0.124677 0.169645 0.857000
-0.123210 0.169447 0.856000
-0.121747 0.169249 0.855000
-0.120286 0.169051 0.854000
-0.118828 0.168853 0.853000
-0.117236 0.168458 0.851000
-0.115786 0.168260 0.850000
-0.114339 0.168062 0.849000
-0.112895 0.167864 0.848000
-0.111323 0.167468 0.846000
-0.109887 0.167270 0.845000
-0.108326 0.166874 0.843000
-0.106897 0.166676 0.842000
-0.105472 0.166478 0.841000
-0.104174 0.166478 0.841000
-0.102753 0.166280 0.840000
-0.101336 0.166082 0.839000
-0.100041 0.166082 0.839000
-0.098628 0.165884 0.838000
-0.097218 0.165686 0.837000
-0.095811 0.165488 0.836000
-0.094408 0.165290 0.835000
-0.093007 0.165092 0.834000
-0.091720 0.165092 0.834000
-0.090324 0.164894 0.833000
-0.088931 0.164696 0.832000
-0.087541 0.164499 0.831000
-0.086259 0.164499 0.831000
-0.084874 0.164301 0.830000
-0.083492 0.164103 0.829000
-0.082212 0.164103 0.829000
-0.080834 0.163905 0.828000
-0.079556 0.163905 0.828000
-0.078278 0.163905 0.828000
-0.077093 0.164103 0.829000
-0.075905 0.164301 0.830000
-0.074623 0.164301 0.830000
-0.072234 0.164696 0.832000
-0.071121 0.165092 0.834000
-0.069917 0.165290 0.835000
-0.068792 0.165686 0.837000
-0.067661 0.166082 0.839000
-0.066524 0.166478 0.841000
-0.065459 0.167072 0.844000
-0.064308 0.167468 0.846000
-0.063151 0.167864 0.848000
-0.061988 0.168260 0.850000
-0.059433 0.168458 0.851000
-0.058256 0.168853 0.853000
-0.057140 0.169447 0.856000
-0.055949 0.169843 0.858000
-0.054751 0.170239 0.860000
-0.053610 0.170833 0.863000
-0.052399 0.171229 0.865000
-0.051241 0.171823 0.868000
-0.050016 0.172219 0.870000
-0.047493 0.172813 0.873000
-0.046251 0.173208 0.875000
-0.045003 0.173604 0.877000
-0.043749 0.174000 0.879000
-0.042488 0.174396 0.881000
-0.041175 0.174594 0.882000
-0.039904 0.174990 0.884000
-0.038583 0.175188 0.885000
-0.037301 0.175584 0.887000
-0.036012 0.175980 0.889000
-0.034718 0.176376 0.891000
-0.033417 0.176772 0.893000
-0.030729 0.177167 0.895000
-0.029413 0.177563 0.897000
-0.028091 0.177959 0.899000
-0.026762 0.178355 0.901000
-0.025428 0.178751 0.903000
-0.024114 0.179345 0.906000
-0.022790 0.179939 0.909000
-0.021434 0.180335 0.911000
-0.020094 0.180929 0.914000
-0.018724 0.181324 0.916000
-0.017347 0.181720 0.918000
-0.014529 0.181918 0.919000
-0.013153 0.182512 0.922000
-0.011755 0.182908 0.924000
-0.010351 0.183304 0.926000
-0.008951 0.183898 0.929000
-0.007541 0.184492 0.932000
-0.006122 0.185086 0.935000
-0.004688 0.185481 0.937000
-0.003252 0.186075 0.940000
-0.001807 0.186669 0.943000
0.001107 0.187065 0.945000
0.002571 0.187461 0.947000
0.004037 0.187659 0.948000
0.005507 0.187857 0.949000
0.006979 0.188055 0.950000
0.008454 0.188253 0.951000
0.009933 0.188451 0.952000
0.011414 0.188649 0.953000
0.012886 0.188649 0.953000
0.014387 0.189045 0.955000
0.015861 0.189045 0.955000
-0.147717 0.173164 0.868000
-0.146039 0.172765 0.866000
-0.144870 0.172965 0.867000
-0.143366 0.172765 0.866000
-0.142029 0.172765 0.866000
-0.140530 0.172566 0.865000
-0.139194 0.172566 0.865000
-0.137859 0.172566 0.865000
-0.136366 0.172366 0.864000
-0.134876 0.172167 0.863000
-0.133544 0.172167 0.863000
-0.132058 0.171967 0.862000
-0.130424 0.171568 0.860000
-0.128946 0.171369 0.859000
-0.127620 0.171369 0.859000
-0.126000 0.170970 0.857000
-0.124532 0.170770 0.856000
-0.123066 0.170571 0.855000
-0.121604 0.170371 0.854000
-0.120145 0.170172 0.853000
-0.118689 0.169972 0.852000
-0.117098 0.169574 0.850000
-0.115650 0.169374 0.849000
-0.114205 0.169175 0.848000
-0.112895 0.169175 0.848000
-0.111323 0.168775 0.846000
-0.109887 0.168576 0.845000
-0.108326 0.168177 0.843000
-0.106897 0.167978 0.842000
-0.105472 0.167778 0.841000
-0.104050 0.167579 0.840000
-0.102753 0.167579 0.840000
-0.101336 0.167379 0.839000
-0.099922 0.167180 0.838000
-0.098510 0.166980 0.837000
-0.097218 0.166980 0.837000
-0.095697 0.166581 0.835000
-0.094408 0.166581 0.835000
-0.093007 0.166382 0.834000
-0.091610 0.166182 0.833000
-0.090324 0.166182 0.833000
-0.088931 0.165983 0.832000
-0.087541 0.165783 0.831000
-0.086155 0.165584 0.830000
-0.084771 0.165384 0.829000
-0.083492 0.165384 0.829000
-0.082113 0.165185 0.828000
-0.080834 0.165185 0.828000
-0.079556 0.165185 0.828000
-0.078278 0.165185 0.828000
-0.077000 0.165185 0.828000
-0.075813 0.165384 0.829000
-0.074623 0.165584 0.830000
-0.072148 0.165783 0.831000
-0.071035 0.166182 0.833000
-0.069917 0.166581 0.835000
-0.068792 0.166980 0.837000
-0.067661 0.167379 0.839000
-0.066524 0.167778 0.841000
-0.065381 0.168177 0.843000
-0.064308 0.168775 0.846000
-0.063151 0.169175 0.848000
-0.061915 0.169374 0.849000
-0.060747 0.169773 0.851000
-0.058256 0.170172 0.853000
-0.057073 0.170571 0.855000
-0.055883 0.170970 0.857000
-0.054751 0.171568 0.860000
-0.053548 0.171967 0.862000
-0.052399 0.172566 0.865000
-0.051241 0.173164 0.868000
-0.049959 0.173364 0.869000
-0.048785 0.173962 0.872000
-0.046198 0.174361 0.874000
-0.045003 0.174960 0.877000
-0.043749 0.175359 0.879000
-0.042440 0.175558 0.880000
-0.041175 0.175957 0.882000
-0.039859 0.176157 0.883000
-0.038583 0.176556 0.885000
-0.037301 0.176955 0.887000
-0.035972 0.177154 0.888000
-0.034679 0.177553 0.890000
-0.033380 0.177952 0.892000
-0.032075 0.178351 0.894000
-0.029380 0.178750 0.896000
-0.028091 0.179349 0.899000
-0.026762 0.179748 0.901000
-0.025428 0.180147 0.903000
-0.024114 0.180745 0.906000
-0.022790 0.181344 0.909000
-0.021434 0.181743 0.911000
-0.020094 0.182341 0.914000
-0.018744 0.182940 0.917000
-0.015948 0.183339 0.919000
-0.014545 0.183538 0.920000
-0.013153 0.183937 0.922000
-0.011768 0.184536 0.925000
-0.010373 0.185134 0.928000
-0.008960 0.185533 0.930000
-0.007549 0.186132 0.933000
-0.006122 0.186531 0.935000
-0.004688 0.186930 0.937000
-0.003252 0.187528 0.940000
-0.001807 0.188127 0.943000
0.001106 0.188326 0.944000
0.002571 0.188925 0.947000
0.004037 0.189124 0.948000
0.005507 0.189324 0.949000
0.006979 0.189523 0.950000
0.008454 0.189723 0.951000
0.009933 0.189922 0.952000
0.011414 0.190122 0.953000
0.012899 0.190321 0.954000
0.014387 0.190521 0.955000
-0.154238 0.174305 0.867000
-0.148885 0.174305 0.867000
-0.147546 0.174305 0.867000
-0.146039 0.174104 0.866000
-0.144703 0.174104 0.866000
-0.143366 0.174104 0.866000
-0.142029 0.174104 0.866000
-0.140692 0.174104 0.866000
-0.139194 0.173903 0.865000
-0.137859 0.173903 0.865000
-0.136366 0.173702 0.864000
-0.135032 0.173702 0.864000
-0.133544 0.173501 0.863000
-0.132058 0.173300 0.862000
-0.130424 0.172898 0.860000
-0.128946 0.172697 0.859000
-0.127472 0.172496 0.858000
-0.126000 0.172295 0.857000
-0.124532 0.172094 0.856000
-0.123066 0.171893 0.855000
-0.121604 0.171692 0.854000
-0.120145 0.171491 0.853000
-0.118689 0.171289 0.852000
-0.117098 0.170887 0.850000
-0.115650 0.170686 0.849000
-0.114205 0.170485 0.848000
-0.112762 0.170284 0.847000
-0.111323 0.170083 0.846000
-0.109887 0.169882 0.845000
-0.108326 0.169480 0.843000
-0.106897 0.169279 0.842000
-0.105472 0.169078 0.841000
-0.104050 0.168877 0.840000
-0.102631 0.168676 0.839000
-0.101336 0.168676 0.839000
-0.099922 0.168475 0.838000
-0.098510 0.168274 0.837000
-0.097102 0.168073 0.836000
-0.095697 0.167872 0.835000
-0.094295 0.167671 0.834000
-0.093007 0.167671 0.834000
-0.091610 0.167470 0.833000
-0.090215 0.167269 0.832000
-0.088931 0.167269 0.832000
-0.087541 0.167068 0.831000
-0.086155 0.166866 0.830000
-0.084771 0.166665 0.829000
-0.083391 0.166464 0.828000
-0.082113 0.166464 0.828000
-0.080834 0.166464 0.828000
-0.079556 0.166464 0.828000
-0.078278 0.166464 0.828000
-0.077000 0.166464 0.828000
-0.075722 0.166464 0.828000
-0.074533 0.166665 0.829000
-0.072148 0.167068 0.831000
-0.071035 0.167470 0.833000
-0.069833 0.167671 0.834000
-0.068792 0.168274 0.837000
-0.067661 0.168676 0.839000
-0.066524 0.169078 0.841000
-0.065381 0.169480 0.843000
-0.064232 0.169882 0.845000
-0.063151 0.170485 0.848000
-0.061915 0.170686 0.849000
-0.060676 0.170887 0.850000
-0.058188 0.171289 0.852000
-0.057073 0.171893 0.855000
-0.055818 0.172094 0.856000
-0.054688 0.172697 0.859000
-0.053548 0.173300 0.862000
-0.052339 0.173702 0.864000
-0.051182 0.174305 0.867000
-0.049959 0.174707 0.869000
-0.048785 0.175310 0.872000
-0.046198 0.175712 0.874000
-0.044952 0.176115 0.876000
-0.043699 0.176517 0.878000
-0.042440 0.176919 0.880000
-0.041175 0.177321 0.882000
-0.039859 0.177522 0.883000
-0.038583 0.177924 0.885000
-0.037301 0.178326 0.887000
-0.035972 0.178527 0.888000
-0.034679 0.178929 0.890000
-0.033380 0.179331 0.892000
-0.032075 0.179733 0.894000
-0.029380 0.180135 0.896000
-0.028059 0.180537 0.898000
-0.026762 0.181141 0.901000
-0.025428 0.181543 0.903000
-0.024114 0.182146 0.906000
-0.022790 0.182749 0.909000
-0.021434 0.183151 0.911000
-0.020094 0.183754 0.914000
-0.018744 0.184357 0.917000
-0.015948 0.184759 0.919000
-0.014561 0.185161 0.921000
-0.013167 0.185564 0.923000
-0.011781 0.186167 0.926000
-0.010373 0.186569 0.928000
-0.008970 0.187172 0.931000
-0.007549 0.187574 0.933000
-0.006122 0.187976 0.935000
-0.004693 0.188579 0.938000
-0.003252 0.188981 0.940000
-0.001807 0.189584 0.943000
0.001106 0.189786 0.944000
0.002571 0.190389 0.947000
0.004037 0.190590 0.948000
0.005507 0.190791 0.949000
0.006979 0.190992 0.950000
0.008463 0.191394 0.952000
0.009933 0.191394 0.952000
0.011414 0.191595 0.953000
-0.155397 0.175443 0.866000
-0.154238 0.175645 0.867000
-0.152900 0.175645 0.867000
-0.151562 0.175645 0.867000
-0.150223 0.175645 0.867000
-0.148885 0.175645 0.867000
-0.147546 0.175645 0.867000
-0.146039 0.175443 0.866000
-0.144703 0.175443 0.866000
-0.143366 0.175443 0.866000
-0.142029 0.175443 0.866000
-0.140692 0.175443 0.866000
-0.139194 0.175240 0.865000
-0.137859 0.175240 0.865000
-0.136524 0.175240 0.865000
-0.135032 0.175037 0.864000
-0.133544 0.174835 0.863000
-0.132058 0.174632 0.862000
-0.130424 0.174227 0.860000
-0.128946 0.174025 0.859000
-0.127472 0.173822 0.858000
-0.126000 0.173619 0.857000
-0.124532 0.173417 0.856000
-0.122923 0.173012 0.854000
-0.121462 0.172809 0.853000
-0.120004 0.172606 0.852000
-0.118550 0.172404 0.851000
-0.116960 0.171999 0.849000
-0.115514 0.171796 0.848000
-0.114205 0.171796 0.848000
-0.112762 0.171593 0.847000
-0.111323 0.171391 0.846000
-0.109887 0.171188 0.845000
-0.108326 0.170783 0.843000
-0.106897 0.170581 0.842000
-0.105472 0.170378 0.841000
-0.104050 0.170175 0.840000
-0.102631 0.169973 0.839000
-0.101336 0.169973 0.839000
-0.099922 0.169770 0.838000
-0.098510 0.169568 0.837000
-0.097102 0.169365 0.836000
-0.095697 0.169162 0.835000
-0.094295 0.168960 0.834000
-0.093007 0.168960 0.834000
-0.091610 0.168757 0.833000
-0.090215 0.168555 0.832000
-0.088931 0.168555 0.832000
-0.087541 0.168352 0.831000
-0.086155 0.168149 0.830000
-0.084669 0.167744 0.828000
-0.083391 0.167744 0.828000
-0.082113 0.167744 0.828000
-0.080834 0.167744 0.828000
-0.079460 0.167542 0.827000
-0.078184 0.167542 0.827000
-0.076907 0.167542 0.827000
-0.075722 0.167744 0.828000
-0.074443 0.167744 0.828000
-0.073342 0.168149 0.830000
-0.070950 0.168555 0.832000
-0.069833 0.168960 0.834000
-0.068710 0.169365 0.836000
-0.067581 0.169770 0.838000
-0.066445 0.170175 0.840000
-0.065381 0.170783 0.843000
-0.064232 0.171188 0.845000
-0.063076 0.171593 0.847000
-0.061915 0.171999 0.849000
-0.060676 0.172201 0.850000
-0.058188 0.172606 0.852000
-0.056939 0.172809 0.853000
-0.055818 0.173417 0.856000
-0.054624 0.173822 0.858000
-0.053424 0.174227 0.860000
-0.052278 0.174835 0.863000
-0.051123 0.175443 0.866000
-0.049901 0.175848 0.868000
-0.048729 0.176456 0.871000
-0.046145 0.176861 0.873000
-0.044952 0.177469 0.876000
-0.043699 0.177874 0.878000
-0.042440 0.178279 0.880000
-0.041175 0.178684 0.882000
-0.039859 0.178887 0.883000
-0.038583 0.179292 0.885000
-0.037301 0.179697 0.887000
-0.035972 0.179900 0.888000
-0.034679 0.180305 0.890000
-0.033380 0.180710 0.892000
-0.032075 0.181115 0.894000
-0.029380 0.181520 0.896000
-0.028059 0.181926 0.898000
-0.026762 0.182533 0.901000
-0.025428 0.182939 0.903000
-0.024114 0.183546 0.906000
-0.022765 0.183951 0.908000
-0.021434 0.184559 0.911000
-0.020094 0.185167 0.914000
-0.018744 0.185775 0.917000
-0.015948 0.186180 0.919000
-0.014561 0.186585 0.921000
-0.013182 0.187193 0.924000
-0.011781 0.187598 0.926000
-0.010373 0.188003 0.928000
-0.008970 0.188611 0.931000
-0.007549 0.189016 0.933000
-0.006128 0.189624 0.936000
-0.004693 0.190029 0.938000
-0.003252 0.190434 0.940000
-0.001807 0.191042 0.943000
0.001106 0.191245 0.944000
0.002568 0.191650 0.946000
0.004037 0.192055 0.948000
0.005507 0.192258 0.949000
0.006986 0.192663 0.951000
0.008463 0.192865 0.952000
0.009943 0.193068 0.953000
0.011426 0.193271 0.954000
-0.155397 0.176781 0.866000
-0.154061 0.176781 0.866000
-0.152724 0.176781 0.866000
-0.151387 0.176781 0.866000
-0.150050 0.176781 0.866000
-0.148713 0.176781 0.866000
-0.147376 0.176781 0.866000
-0.146039 0.176781 0.866000
-0.144703 0.176781 0.866000
-0.143366 0.176781 0.866000
-0.141865 0.176577 0.865000
-0.140530 0.176577 0.865000
-0.139194 0.176577 0.865000
-0.137859 0.176577 0.865000
-0.136524 0.176577 0.865000
-0.135032 0.176373 0.864000
-0.133544 0.176169 0.863000
-0.132058 0.175965 0.862000
-0.130424 0.175556 0.860000
-0.128946 0.175352 0.859000
-0.127323 0.174944 0.857000
-0.125853 0.174740 0.856000
-0.124386 0.174536 0.855000
-0.122923 0.174332 0.854000
-0.121462 0.174128 0.853000
-0.120004 0.173923 0.852000
-0.118410 0.173515 0.850000
-0.116960 0.173311 0.849000
-0.115514 0.173107 0.848000
-0.114070 0.172903 0.847000
-0.112629 0.172699 0.846000
-0.111323 0.172699 0.846000
-0.109757 0.172290 0.844000
-0.108326 0.172086 0.843000
-0.106897 0.171882 0.842000
-0.105472 0.171678 0.841000
-0.104050 0.171474 0.840000
-0.102631 0.171270 0.839000
-0.101336 0.171270 0.839000
-0.099922 0.171065 0.838000
-0.098510 0.170861 0.837000
-0.097102 0.170657 0.836000
-0.095697 0.170453 0.835000
-0.094295 0.170249 0.834000
-0.092896 0.170045 0.833000
-0.091610 0.170045 0.833000
-0.090215 0.169841 0.832000
-0.088931 0.169841 0.832000
-0.087541 0.169637 0.831000
-0.086051 0.169228 0.829000
-0.084669 0.169024 0.828000
-0.083391 0.169024 0.828000
-0.082113 0.169024 0.828000
-0.080737 0.168820 0.827000
-0.079460 0.168820 0.827000
-0.078184 0.168820 0.827000
-0.076907 0.168820 0.827000
-0.075630 0.168820 0.827000
-0.074443 0.169024 0.828000
-0.073342 0.169432 0.830000
-0.070950 0.169841 0.832000
-0.069833 0.170249 0.834000
-0.068710 0.170657 0.836000
-0.067581 0.171065 0.838000
-0.066445 0.171474 0.840000
-0.065304 0.171882 0.842000
-0.064232 0.172494 0.845000
-0.063002 0.172699 0.846000
-0.061915 0.173311 0.849000
-0.060676 0.173515 0.850000
-0.059433 0.173719 0.851000
-0.056939 0.174128 0.853000
-0.055753 0.174536 0.855000
-0.054560 0.174944 0.857000
-0.053424 0.175556 0.860000
-0.052217 0.175965 0.862000
-0.051064 0.176577 0.865000
-0.049844 0.176985 0.867000
-0.048673 0.177598 0.870000
-0.046145 0.178210 0.873000
-0.044900 0.178619 0.875000
-0.043699 0.179231 0.878000
-0.042440 0.179639 0.880000
-0.041128 0.179843 0.881000
-0.039859 0.180252 0.883000
-0.038583 0.180660 0.885000
-0.037301 0.181068 0.887000
-0.035972 0.181272 0.888000
-0.034679 0.181681 0.890000
-0.033380 0.182089 0.892000
-0.032039 0.182293 0.893000
-0.029380 0.182905 0.896000
-0.028059 0.183314 0.898000
-0.026733 0.183722 0.900000
-0.025428 0.184334 0.903000
-0.024114 0.184947 0.906000
-0.022765 0.185355 0.908000
-0.021434 0.185967 0.911000
-0.020094 0.186580 0.914000
-0.018744 0.187192 0.917000
-0.015948 0.187600 0.919000
-0.014561 0.188009 0.921000
-0.013182 0.188621 0.924000
-0.011781 0.189029 0.926000
-0.010373 0.189438 0.928000
-0.008970 0.190050 0.931000
-0.007549 0.190458 0.933000
-0.006128 0.191071 0.936000
-0.004693 0.191479 0.938000
-0.003252 0.191887 0.940000
-0.001807 0.192500 0.943000
0.001106 0.192704 0.944000
0.002568 0.193112 0.946000
0.004037 0.193520 0.948000
0.005512 0.193929 0.950000
0.006986 0.194133 0.951000
0.008463 0.194337 0.952000
0.009954 0.194745 0.954000
0.011426 0.194745 0.954000
-0.156915 0.178326 0.867000
-0.155397 0.178120 0.866000
-0.154238 0.178326 0.867000
-0.152724 0.178120 0.866000
-0.151387 0.178120 0.866000
-0.150050 0.178120 0.866000
-0.148713 0.178120 0.866000
-0.147376 0.178120 0.866000
-0.146039 0.178120 0.866000
-0.144703 0.178120 0.866000
-0.143366 0.178120 0.866000
-0.141865 0.177914 0.865000
-0.140530 0.177914 0.865000
-0.139194 0.177914 0.865000
-0.137859 0.177914 0.865000
-0.136366 0.177709 0.864000
-0.134876 0.177503 0.863000
-0.133544 0.177503 0.863000
-0.132058 0.177297 0.862000
-0.130272 0.176680 0.859000
-0.128796 0.176474 0.858000
-0.127323 0.176269 0.857000
-0.125853 0.176063 0.856000
-0.124386 0.175857 0.855000
-0.122779 0.175446 0.853000
-0.121319 0.175240 0.852000
-0.119863 0.175035 0.851000
-0.118410 0.174829 0.850000
-0.116960 0.174623 0.849000
-0.115514 0.174418 0.848000
-0.114070 0.174212 0.847000
-0.112629 0.174006 0.846000
-0.111192 0.173801 0.845000
-0.109757 0.173595 0.844000
-0.108326 0.173389 0.843000
-0.106897 0.173184 0.842000
-0.105472 0.172978 0.841000
-0.104050 0.172772 0.840000
-0.102631 0.172566 0.839000
-0.101215 0.172361 0.838000
-0.099802 0.172155 0.837000
-0.098510 0.172155 0.837000
-0.096986 0.171744 0.835000
-0.095697 0.171744 0.835000
-0.094295 0.171538 0.834000
-0.092896 0.171332 0.833000
-0.091500 0.171127 0.832000
-0.090215 0.171127 0.832000
-0.088824 0.170921 0.831000
-0.087541 0.170921 0.831000
-0.086051 0.170510 0.829000
-0.084669 0.170304 0.828000
-0.083391 0.170304 0.828000
-0.082013 0.170098 0.827000
-0.080737 0.170098 0.827000
-0.079460 0.170098 0.827000
-0.078184 0.170098 0.827000
-0.076907 0.170098 0.827000
-0.075630 0.170098 0.827000
-0.074443 0.170304 0.828000
-0.073254 0.170510 0.829000
-0.072148 0.170921 0.831000
-0.069749 0.171332 0.833000
-0.068628 0.171744 0.835000
-0.067581 0.172361 0.838000
-0.066366 0.172566 0.839000
-0.065304 0.173184 0.842000
-0.064156 0.173595 0.844000
-0.063002 0.174006 0.846000
-0.061842 0.174418 0.848000
-0.060604 0.174623 0.849000
-0.059433 0.175035 0.851000
-0.056873 0.175240 0.852000
-0.055688 0.175652 0.854000
-0.054497 0.176063 0.856000
-0.053362 0.176680 0.859000
-0.052157 0.177091 0.861000
-0.051005 0.177709 0.864000
-0.049786 0.178120 0.866000
-0.048617 0.178737 0.869000
-0.046145 0.179560 0.873000
-0.044900 0.179971 0.875000
-0.043699 0.180588 0.878000
-0.042392 0.180794 0.879000
-0.041128 0.181205 0.881000
-0.039859 0.181616 0.883000
-0.038583 0.182028 0.885000
-0.037301 0.182439 0.887000
-0.036012 0.182851 0.889000
-0.034679 0.183056 0.890000
-0.033380 0.183468 0.892000
-0.032039 0.183673 0.893000
-0.030729 0.184085 0.895000
-0.028059 0.184702 0.898000
-0.026733 0.185113 0.900000
-0.025428 0.185730 0.903000
-0.024114 0.186347 0.906000
-0.022765 0.186758 0.908000
-0.021434 0.187376 0.911000
-0.020094 0.187993 0.914000
-0.018744 0.188610 0.917000
-0.015948 0.189021 0.919000
-0.014561 0.189432 0.921000
-0.013182 0.190049 0.924000
-0.011781 0.190461 0.926000
-0.010373 0.190872 0.928000
-0.008970 0.191489 0.931000
-0.007549 0.191901 0.933000
-0.006122 0.192312 0.935000
-0.004693 0.192929 0.938000
-0.003249 0.193135 0.939000
-0.001805 0.193752 0.942000
0.001106 0.194163 0.944000
0.002568 0.194574 0.946000
0.004037 0.194986 0.948000
0.005512 0.195397 0.950000
0.006986 0.195603 0.951000
0.008463 0.195808 0.952000
0.009954 0.196220 0.954000
0.011438 0.196425 0.955000
0.012926 0.196631 0.956000
0.014417 0.196837 0.957000
-0.158436 0.179873 0.868000
-0.156915 0.179666 0.867000
-0.155577 0.179666 0.867000
-0.154238 0.179666 0.867000
-0.152900 0.179666 0.867000
-0.151387 0.179458 0.866000
-0.150050 0.179458 0.866000
-0.148713 0.179458 0.866000
-0.147376 0.179458 0.866000
-0.145871 0.179251 0.865000
-0.144536 0.179251 0.865000
-0.143200 0.179251 0.865000
-0.141865 0.179251 0.865000
-0.140530 0.179251 0.865000
-0.139033 0.179044 0.864000
-0.137700 0.179044 0.864000
-0.136208 0.178837 0.863000
-0.134876 0.178837 0.863000
-0.133389 0.178630 0.862000
-0.131752 0.178215 0.860000
-0.130272 0.178008 0.859000
-0.128796 0.177801 0.858000
-0.127323 0.177593 0.857000
-0.125706 0.177179 0.855000
-0.124241 0.176972 0.854000
-0.122635 0.176557 0.852000
-0.121177 0.176350 0.851000
-0.119723 0.176143 0.850000
-0.118271 0.175936 0.849000
-0.116823 0.175728 0.848000
-0.115377 0.175521 0.847000
-0.113935 0.175314 0.846000
-0.112629 0.175314 0.846000
-0.111192 0.175107 0.845000
-0.109757 0.174899 0.844000
-0.108326 0.174692 0.843000
-0.107024 0.174692 0.843000
-0.105472 0.174278 0.841000
-0.104050 0.174071 0.840000
-0.102631 0.173863 0.839000
-0.101215 0.173656 0.838000
-0.099802 0.173449 0.837000
-0.098392 0.173242 0.836000
-0.096986 0.173034 0.835000
-0.095582 0.172827 0.834000
-0.094295 0.172827 0.834000
-0.092896 0.172620 0.833000
-0.091500 0.172413 0.832000
-0.090215 0.172413 0.832000
-0.088824 0.172206 0.831000
-0.087541 0.172206 0.831000
-0.086051 0.171791 0.829000
-0.084669 0.171584 0.828000
-0.083290 0.171377 0.827000
-0.082013 0.171377 0.827000
-0.080737 0.171377 0.827000
-0.079460 0.171377 0.827000
-0.078184 0.171377 0.827000
-0.076907 0.171377 0.827000
-0.075630 0.171377 0.827000
-0.074443 0.171584 0.828000
-0.073254 0.171791 0.829000
-0.072148 0.172206 0.831000
-0.069749 0.172620 0.833000
-0.068628 0.173034 0.835000
-0.067500 0.173449 0.837000
-0.066366 0.173863 0.839000
-0.065226 0.174278 0.841000
-0.064080 0.174692 0.843000
-0.062928 0.175107 0.845000
-0.061769 0.175521 0.847000
-0.060533 0.175728 0.848000
-0.059363 0.176143 0.850000
-0.058120 0.176350 0.851000
-0.055623 0.176765 0.853000
-0.054433 0.177179 0.855000
-0.053238 0.177593 0.857000
-0.052096 0.178215 0.860000
-0.050887 0.178630 0.862000
-0.049786 0.179458 0.866000
-0.048617 0.180080 0.869000
-0.047439 0.180702 0.872000
-0.044849 0.181116 0.874000
-0.043649 0.181738 0.877000
-0.042392 0.182152 0.879000
-0.041128 0.182567 0.881000
-0.039904 0.183189 0.884000
-0.038583 0.183396 0.885000
-0.037301 0.183810 0.887000
-0.036012 0.184225 0.889000
-0.034679 0.184432 0.890000
-0.033380 0.184846 0.892000
-0.032039 0.185054 0.893000
-0.030729 0.185468 0.895000
-0.028059 0.186090 0.898000
-0.026733 0.186504 0.900000
-0.025428 0.187126 0.903000
-0.024087 0.187540 0.905000
-0.022765 0.188162 0.908000
-0.021434 0.188784 0.911000
-0.020094 0.189405 0.914000
-0.018724 0.189820 0.916000
-0.015948 0.190442 0.919000
-0.014561 0.190856 0.921000
-0.013167 0.191270 0.923000
-0.011768 0.191685 0.925000
-0.010373 0.192307 0.928000
-0.008960 0.192721 0.930000
-0.007541 0.193135 0.932000
-0.006122 0.193757 0.935000
-0.004688 0.194172 0.937000
-0.003249 0.194586 0.939000
-0.001805 0.195208 0.942000
0.001106 0.195622 0.944000
0.002568 0.196037 0.946000
0.004037 0.196451 0.948000
0.005512 0.196866 0.950000
0.006994 0.197280 0.952000
0.008472 0.197487 0.953000
0.009954 0.197694 0.954000
0.011438 0.197902 0.955000
0.012940 0.198316 0.957000
0.014432 0.198523 0.958000
-0.159776 0.181215 0.868000
-0.158436 0.181215 0.868000
-0.157096 0.181215 0.868000
-0.155756 0.181215 0.868000
-0.154238 0.181006 0.867000
-0.152900 0.181006 0.867000
-0.151387 0.180797 0.866000
-0.150050 0.180797 0.866000
-0.148713 0.180797 0.866000
-0.147206 0.180588 0.865000
-0.145871 0.180588 0.865000
-0.144536 0.180588 0.865000
-0.143035 0.180380 0.864000
-0.141701 0.180380 0.864000
-0.140367 0.180380 0.864000
-0.138872 0.180171 0.863000
-0.137540 0.180171 0.863000
-0.136208 0.180171 0.863000
-0.134719 0.179962 0.862000
-0.133389 0.179962 0.862000
-0.131599 0.179336 0.859000
-0.130272 0.179336 0.859000
-0.128646 0.178918 0.857000
-0.127175 0.178709 0.856000
-0.125706 0.178501 0.855000
-0.124095 0.178083 0.853000
-0.122635 0.177874 0.852000
-0.121177 0.177665 0.851000
-0.119723 0.177457 0.850000
-0.118271 0.177248 0.849000
-0.116823 0.177039 0.848000
-0.115377 0.176830 0.847000
-0.113935 0.176622 0.846000
-0.112496 0.176413 0.845000
-0.111192 0.176413 0.845000
-0.109757 0.176204 0.844000
-0.108326 0.175995 0.843000
-0.106897 0.175787 0.842000
-0.105472 0.175578 0.841000
-0.104050 0.175369 0.840000
-0.102631 0.175160 0.839000
-0.101215 0.174951 0.838000
-0.099802 0.174743 0.837000
-0.098392 0.174534 0.836000
-0.096986 0.174325 0.835000
-0.095582 0.174116 0.834000
-0.094182 0.173908 0.833000
-0.092896 0.173908 0.833000
-0.091500 0.173699 0.832000
-0.090107 0.173490 0.831000
-0.088824 0.173490 0.831000
-0.087436 0.173281 0.830000
-0.085947 0.172864 0.828000
-0.084669 0.172864 0.828000
-0.083290 0.172655 0.827000
-0.082013 0.172655 0.827000
-0.080737 0.172655 0.827000
-0.079460 0.172655 0.827000
-0.078184 0.172655 0.827000
-0.076907 0.172655 0.827000
-0.075630 0.172655 0.827000
-0.074443 0.172864 0.828000
-0.073254 0.173073 0.829000
-0.072148 0.173490 0.831000
-0.069666 0.173699 0.832000
-0.068546 0.174116 0.834000
-0.067419 0.174534 0.836000
-0.066287 0.174951 0.838000
-0.065149 0.175369 0.840000
-0.064004 0.175787 0.842000
-0.062853 0.176204 0.844000
-0.061696 0.176622 0.846000
-0.060461 0.176830 0.847000
-0.059294 0.177248 0.849000
-0.058051 0.177457 0.850000
-0.055557 0.177874 0.852000
-0.054369 0.178292 0.854000
-0.053175 0.178709 0.856000
-0.052036 0.179336 0.859000
-0.050887 0.179962 0.862000
-0.049729 0.180588 0.865000
-0.048617 0.181423 0.869000
-0.047439 0.182050 0.872000
-0.044900 0.182676 0.875000
-0.043699 0.183302 0.878000
-0.042440 0.183720 0.880000
-0.041175 0.184137 0.882000
-0.039904 0.184555 0.884000
-0.038626 0.184973 0.886000
-0.037343 0.185390 0.888000
-0.036012 0.185599 0.889000
-0.034679 0.185808 0.890000
-0.033380 0.186225 0.892000
-0.032039 0.186434 0.893000
-0.030729 0.186851 0.895000
-0.028059 0.187478 0.898000
-0.026733 0.187895 0.900000
-0.025428 0.188522 0.903000
-0.024087 0.188939 0.905000
-0.022765 0.189566 0.908000
-0.021434 0.190192 0.911000
-0.020072 0.190609 0.913000
-0.018724 0.191236 0.916000
-0.015948 0.191862 0.919000
-0.014545 0.192071 0.920000
-0.013167 0.192697 0.923000
-0.011768 0.193115 0.925000
-0.010373 0.193741 0.928000
-0.008960 0.194159 0.930000
-0.007541 0.194576 0.932000
-0.006122 0.195202 0.935000
-0.004683 0.195411 0.936000
-0.003249 0.196037 0.939000
-0.001805 0.196664 0.942000
0.001106 0.197081 0.944000
0.002568 0.197499 0.946000
0.004037 0.197916 0.948000
0.005507 0.198125 0.949000
0.006994 0.198752 0.952000
0.008472 0.198960 0.953000
0.009954 0.199169 0.954000
0.011450 0.199587 0.956000
0.012926 0.199587 0.956000
0.014432 0.200004 0.958000
-0.159960 0.182767 0.869000
-0.158619 0.182767 0.869000
-0.157096 0.182556 0.868000
-0.155756 0.182556 0.868000
-0.154416 0.182556 0.868000
-0.152900 0.182346 0.867000
-0.151562 0.182346 0.867000
-0.150050 0.182136 0.866000
-0.148713 0.182136 0.866000
-0.147206 0.181925 0.865000
-0.145871 0.181925 0.865000
-0.144368 0.181715 0.864000
-0.143035 0.181715 0.864000
-0.141537 0.181505 0.863000
-0.140205 0.181505 0.863000
-0.138872 0.181505 0.863000
-0.137381 0.181294 0.862000
-0.136050 0.181294 0.862000
-0.134563 0.181084 0.861000
-0.133079 0.180874 0.860000
-0.131599 0.180663 0.859000
-0.130121 0.180453 0.858000
-0.128646 0.180243 0.857000
-0.127175 0.180033 0.856000
-0.125706 0.179822 0.855000
-0.124095 0.179402 0.853000
-0.122635 0.179191 0.852000
-0.121177 0.178981 0.851000
-0.119723 0.178771 0.850000
-0.118271 0.178560 0.849000
-0.116823 0.178350 0.848000
-0.115241 0.177929 0.846000
-0.113935 0.177929 0.846000
-0.112496 0.177719 0.845000
-0.111192 0.177719 0.845000
-0.109757 0.177509 0.844000
-0.108326 0.177298 0.843000
-0.107024 0.177298 0.843000
-0.105598 0.177088 0.842000
-0.104174 0.176878 0.841000
-0.102631 0.176457 0.839000
-0.101215 0.176247 0.838000
-0.099802 0.176036 0.837000
-0.098392 0.175826 0.836000
-0.096986 0.175616 0.835000
-0.095582 0.175406 0.834000
-0.094182 0.175195 0.833000
-0.092784 0.174985 0.832000
-0.091500 0.174985 0.832000
-0.090107 0.174775 0.831000
-0.088824 0.174775 0.831000
-0.087436 0.174564 0.830000
-0.085947 0.174144 0.828000
-0.084669 0.174144 0.828000
-0.083290 0.173933 0.827000
-0.082013 0.173933 0.827000
-0.080737 0.173933 0.827000
-0.079460 0.173933 0.827000
-0.078184 0.173933 0.827000
-0.076907 0.173933 0.827000
-0.075630 0.173933 0.827000
-0.074443 0.174144 0.828000
-0.073254 0.174354 0.829000
-0.072061 0.174564 0.830000
-0.069666 0.174985 0.832000
-0.068546 0.175406 0.834000
-0.067419 0.175826 0.836000
-0.066287 0.176247 0.838000
-0.065071 0.176457 0.839000
-0.063928 0.176878 0.841000
-0.062779 0.177298 0.843000
-0.061623 0.177719 0.845000
-0.060390 0.177929 0.846000
-0.059224 0.178350 0.848000
-0.057983 0.178560 0.849000
-0.056806 0.178981 0.851000
-0.054306 0.179402 0.853000
-0.053113 0.179822 0.855000
-0.051975 0.180453 0.858000
-0.050828 0.181084 0.861000
-0.049729 0.181925 0.865000
-0.048561 0.182556 0.868000
-0.047439 0.183398 0.872000
-0.044900 0.184029 0.875000
-0.043699 0.184660 0.878000
-0.042440 0.185080 0.880000
-0.041175 0.185501 0.882000
-0.039949 0.186132 0.885000
-0.038670 0.186552 0.887000
-0.037343 0.186763 0.888000
-0.036012 0.186973 0.889000
-0.034718 0.187394 0.891000
-0.033380 0.187604 0.892000
-0.032039 0.187814 0.893000
-0.030729 0.188235 0.895000
-0.028028 0.188656 0.897000
-0.026703 0.189076 0.899000
-0.025400 0.189707 0.902000
-0.024060 0.190128 0.904000
-0.022740 0.190759 0.907000
-0.021387 0.191179 0.909000
-0.020050 0.191810 0.912000
-0.018703 0.192441 0.915000
-0.017347 0.193072 0.918000
-0.014545 0.193493 0.920000
-0.013153 0.193914 0.922000
-0.011768 0.194544 0.925000
-0.010362 0.194965 0.927000
-0.008951 0.195386 0.929000
-0.007533 0.195806 0.931000
-0.006115 0.196437 0.934000
-0.004683 0.196858 0.936000
-0.003245 0.197279 0.938000
-0.001803 0.197910 0.941000
-0.000351 0.198330 0.943000
0.002568 0.198961 0.946000
0.004037 0.199382 0.948000
0.005507 0.199592 0.949000
0.006994 0.200223 0.952000
0.008472 0.200433 0.953000
0.009964 0.200854 0.955000
0.011450 0.201064 0.956000
0.012940 0.201275 0.957000
-0.159960 0.184110 0.869000
-0.158619 0.184110 0.869000
-0.157096 0.183898 0.868000
-0.155756 0.183898 0.868000
-0.154416 0.183898 0.868000
-0.152900 0.183686 0.867000
-0.151562 0.183686 0.867000
-0.150050 0.183474 0.866000
-0.148713 0.183474 0.866000
-0.147206 0.183262 0.865000
-0.145871 0.183262 0.865000
-0.144368 0.183051 0.864000
-0.142869 0.182839 0.863000
-0.141537 0.182839 0.863000
-0.140042 0.182627 0.862000
-0.138712 0.182627 0.862000
-0.137381 0.182627 0.862000
-0.135892 0.182415 0.861000
-0.134407 0.182203 0.860000
-0.132925 0.181991 0.859000
-0.131445 0.181779 0.858000
-0.129969 0.181568 0.857000
-0.128646 0.181568 0.857000
-0.127175 0.181356 0.856000
-0.125706 0.181144 0.855000
-0.124095 0.180720 0.853000
-0.122635 0.180508 0.852000
-0.121177 0.180296 0.851000
-0.119723 0.180084 0.850000
-0.118271 0.179873 0.849000
-0.116823 0.179661 0.848000
-0.115377 0.179449 0.847000
-0.113935 0.179237 0.846000
-0.112496 0.179025 0.845000
-0.111192 0.179025 0.845000
-0.109757 0.178813 0.844000
-0.108326 0.178601 0.843000
-0.106897 0.178390 0.842000
-0.105472 0.178178 0.841000
-0.104050 0.177966 0.840000
-0.102631 0.177754 0.839000
-0.101215 0.177542 0.838000
-0.099802 0.177330 0.837000
-0.098392 0.177118 0.836000
-0.096986 0.176907 0.835000
-0.095582 0.176695 0.834000
-0.094182 0.176483 0.833000
-0.092784 0.176271 0.832000
-0.091390 0.176059 0.831000
-0.090107 0.176059 0.831000
-0.088717 0.175847 0.830000
-0.087436 0.175847 0.830000
-0.085947 0.175423 0.828000
-0.084669 0.175423 0.828000
-0.083290 0.175212 0.827000
-0.082013 0.175212 0.827000
-0.080737 0.175212 0.827000
-0.079460 0.175212 0.827000
-0.078184 0.175212 0.827000
-0.076814 0.175000 0.826000
-0.075630 0.175212 0.827000
-0.074443 0.175423 0.828000
-0.073254 0.175635 0.829000
-0.072061 0.175847 0.830000
-0.069666 0.176271 0.832000
-0.068463 0.176483 0.833000
-0.067339 0.176907 0.835000
-0.066208 0.177330 0.837000
-0.065071 0.177754 0.839000
-0.063852 0.177966 0.840000
-0.062704 0.178390 0.842000
-0.061550 0.178813 0.844000
-0.060319 0.179025 0.845000
-0.059154 0.179449 0.847000
-0.057983 0.179873 0.849000
-0.056739 0.180084 0.850000
-0.054306 0.180720 0.853000
-0.053113 0.181144 0.855000
-0.051975 0.181779 0.858000
-0.050828 0.182415 0.861000
-0.049729 0.183262 0.865000
-0.048617 0.184110 0.869000
-0.047439 0.184745 0.872000
-0.044952 0.185593 0.876000
-0.043699 0.186017 0.878000
-0.042488 0.186652 0.881000
-0.041222 0.187076 0.883000
-0.039949 0.187500 0.885000
-0.038670 0.187923 0.887000
-0.037343 0.188135 0.888000
-0.036012 0.188347 0.889000
-0.034718 0.188771 0.891000
-0.033380 0.188983 0.892000
-0.032039 0.189195 0.893000
-0.030729 0.189618 0.895000
-0.028028 0.190042 0.897000
-0.026703 0.190466 0.899000
-0.025371 0.190890 0.901000
-0.024034 0.191313 0.903000
-0.022715 0.191949 0.906000
-0.021363 0.192373 0.908000
-0.020028 0.193008 0.911000
-0.018683 0.193644 0.914000
-0.017310 0.194068 0.916000
-0.014529 0.194703 0.919000
-0.013139 0.195127 0.921000
-0.011755 0.195762 0.924000
-0.010351 0.196186 0.926000
-0.008941 0.196610 0.928000
-0.007533 0.197245 0.931000
-0.006109 0.197669 0.933000
-0.004683 0.198305 0.936000
-0.003245 0.198729 0.938000
-0.001803 0.199364 0.941000
-0.000351 0.199788 0.943000
0.002566 0.200212 0.945000
0.004033 0.200635 0.947000
0.005507 0.201059 0.949000
0.006986 0.201483 0.951000
0.008472 0.201906 0.953000
0.009964 0.202330 0.955000
0.011450 0.202542 0.956000
0.012953 0.202966 0.958000
-0.158619 0.185453 0.869000
-0.157277 0.185453 0.869000
-0.155936 0.185453 0.869000
-0.154416 0.185240 0.868000
-0.153076 0.185240 0.868000
-0.151562 0.185026 0.867000
-0.150050 0.184813 0.866000
-0.148713 0.184813 0.866000
-0.147206 0.184599 0.865000
-0.145702 0.184386 0.864000
-0.144201 0.184173 0.863000
-0.142869 0.184173 0.863000
-0.141537 0.184173 0.863000
-0.140042 0.183959 0.862000
-0.138551 0.183746 0.861000
-0.137062 0.183532 0.860000
-0.135734 0.183532 0.860000
-0.134251 0.183319 0.859000
-0.132925 0.183319 0.859000
-0.131292 0.182892 0.857000
-0.129969 0.182892 0.857000
-0.128496 0.182679 0.856000
-0.127175 0.182679 0.856000
-0.125706 0.182465 0.855000
-0.124095 0.182039 0.853000
-0.122635 0.181825 0.852000
-0.121177 0.181612 0.851000
-0.119723 0.181398 0.850000
-0.118271 0.181185 0.849000
-0.116823 0.180972 0.848000
-0.115377 0.180758 0.847000
-0.113935 0.180545 0.846000
-0.112496 0.180331 0.845000
-0.111060 0.180118 0.844000
-0.109757 0.180118 0.844000
-0.108326 0.179904 0.843000
-0.106897 0.179691 0.842000
-0.105472 0.179478 0.841000
-0.104050 0.179264 0.840000
-0.102631 0.179051 0.839000
-0.101215 0.178837 0.838000
-0.099802 0.178624 0.837000
-0.098275 0.178197 0.835000
-0.096870 0.177984 0.834000
-0.095468 0.177770 0.833000
-0.094182 0.177770 0.833000
-0.092784 0.177557 0.832000
-0.091390 0.177344 0.831000
-0.090107 0.177344 0.831000
-0.088717 0.177130 0.830000
-0.087331 0.176917 0.829000
-0.085947 0.176703 0.828000
-0.084567 0.176490 0.827000
-0.083290 0.176490 0.827000
-0.082013 0.176490 0.827000
-0.080737 0.176490 0.827000
-0.079460 0.176490 0.827000
-0.078089 0.176277 0.826000
-0.076814 0.176277 0.826000
-0.075630 0.176490 0.827000
-0.074354 0.176490 0.827000
-0.073165 0.176703 0.828000
-0.072061 0.177130 0.830000
-0.070865 0.177344 0.831000
-0.068463 0.177770 0.833000
-0.067339 0.178197 0.835000
-0.066129 0.178411 0.836000
-0.064994 0.178837 0.838000
-0.063852 0.179264 0.840000
-0.062630 0.179478 0.841000
-0.061477 0.179904 0.843000
-0.060319 0.180331 0.845000
-0.059084 0.180545 0.846000
-0.057915 0.180972 0.848000
-0.056739 0.181398 0.850000
-0.055557 0.181825 0.852000
-0.053113 0.182465 0.855000
-0.051975 0.183106 0.858000
-0.050887 0.183959 0.862000
-0.049729 0.184599 0.865000
-0.048617 0.185453 0.869000
-0.046145 0.186307 0.873000
-0.044952 0.186947 0.876000
-0.043749 0.187587 0.879000
-0.042488 0.188014 0.881000
-0.041222 0.188441 0.883000
-0.039949 0.188868 0.885000
-0.038670 0.189295 0.887000
-0.037343 0.189508 0.888000
-0.036012 0.189721 0.889000
-0.034718 0.190148 0.891000
-0.033380 0.190362 0.892000
-0.032039 0.190575 0.893000
-0.030729 0.191002 0.895000
-0.028028 0.191429 0.897000
-0.026703 0.191855 0.899000
-0.025371 0.192282 0.901000
-0.024034 0.192709 0.903000
-0.022690 0.193136 0.905000
-0.021363 0.193776 0.908000
-0.020028 0.194416 0.911000
-0.018662 0.194843 0.913000
-0.017291 0.195270 0.915000
-0.015930 0.195910 0.918000
-0.013124 0.196337 0.920000
-0.011742 0.196977 0.923000
-0.010351 0.197617 0.926000
-0.008941 0.198044 0.928000
-0.007533 0.198685 0.931000
-0.006109 0.199111 0.933000
-0.004678 0.199538 0.935000
-0.003245 0.200178 0.938000
-0.001801 0.200605 0.940000
-0.000351 0.201032 0.942000
0.001106 0.201459 0.944000
0.004029 0.201886 0.946000
0.005501 0.202312 0.948000
0.006986 0.202953 0.951000
0.008463 0.203166 0.952000
0.009954 0.203593 0.954000
0.011450 0.204020 0.956000
-0.157277 0.186796 0.869000
-0.155936 0.186796 0.869000
-0.154594 0.186796 0.869000
-0.153076 0.186581 0.868000
-0.151736 0.186581 0.868000
-0.150223 0.186366 0.867000
-0.148713 0.186152 0.866000
-0.147206 0.185937 0.865000
-0.145702 0.185722 0.864000
-0.144201 0.185507 0.863000
-0.142869 0.185507 0.863000
-0.141373 0.185292 0.862000
-0.140042 0.185292 0.862000
-0.138390 0.184862 0.860000
-0.137062 0.184862 0.860000
-0.135577 0.184647 0.859000
-0.134251 0.184647 0.859000
-0.132770 0.184432 0.858000
-0.131292 0.184217 0.857000
-0.129969 0.184217 0.857000
-0.128496 0.184002 0.856000
-0.127175 0.184002 0.856000
-0.125706 0.183787 0.855000
-0.124241 0.183572 0.854000
-0.122779 0.183357 0.853000
-0.121319 0.183142 0.852000
-0.119723 0.182712 0.850000
-0.118271 0.182497 0.849000
-0.116823 0.182282 0.848000
-0.115377 0.182067 0.847000
-0.113935 0.181852 0.846000
-0.112496 0.181637 0.845000
-0.111060 0.181422 0.844000
-0.109627 0.181208 0.843000
-0.108326 0.181208 0.843000
-0.106897 0.180993 0.842000
-0.105472 0.180778 0.841000
-0.104050 0.180563 0.840000
-0.102631 0.180348 0.839000
-0.101215 0.180133 0.838000
-0.099683 0.179703 0.836000
-0.098275 0.179488 0.835000
-0.096870 0.179273 0.834000
-0.095468 0.179058 0.833000
-0.094069 0.178843 0.832000
-0.092784 0.178843 0.832000
-0.091390 0.178628 0.831000
-0.089999 0.178413 0.830000
-0.088717 0.178413 0.830000
-0.087331 0.178198 0.829000
-0.085947 0.177983 0.828000
-0.084669 0.177983 0.828000
-0.083290 0.177768 0.827000
-0.082013 0.177768 0.827000
-0.080639 0.177553 0.826000
-0.079364 0.177553 0.826000
-0.078089 0.177553 0.826000
-0.076907 0.177768 0.827000
-0.075630 0.177768 0.827000
-0.074354 0.177768 0.827000
-0.073165 0.177983 0.828000
-0.072061 0.178413 0.830000
-0.070865 0.178628 0.831000
-0.068381 0.178843 0.832000
-0.067258 0.179273 0.834000
-0.066129 0.179703 0.836000
-0.064994 0.180133 0.838000
-0.063852 0.180563 0.840000
-0.062630 0.180778 0.841000
-0.061477 0.181208 0.843000
-0.060247 0.181422 0.844000
-0.059084 0.181852 0.846000
-0.057915 0.182282 0.848000
-0.056739 0.182712 0.850000
-0.054306 0.183357 0.853000
-0.053113 0.183787 0.855000
-0.051975 0.184432 0.858000
-0.050887 0.185292 0.862000
-0.049786 0.186152 0.866000
-0.046145 0.187656 0.873000
-0.044952 0.188301 0.876000
-0.043749 0.188946 0.879000
-0.042488 0.189376 0.881000
-0.041222 0.189806 0.883000
-0.039949 0.190236 0.885000
-0.038670 0.190666 0.887000
-0.037343 0.190881 0.888000
-0.036012 0.191095 0.889000
-0.034718 0.191525 0.891000
-0.033380 0.191740 0.892000
-0.032039 0.191955 0.893000
-0.030729 0.192385 0.895000
-0.028028 0.192815 0.897000
-0.026673 0.193030 0.898000
-0.025343 0.193460 0.900000
-0.024007 0.193890 0.902000
-0.022690 0.194535 0.905000
-0.021363 0.195180 0.908000
-0.020006 0.195610 0.910000
-0.018662 0.196254 0.913000
-0.017291 0.196684 0.915000
-0.015913 0.197114 0.917000
-0.013124 0.197759 0.920000
-0.011742 0.198404 0.923000
-0.010340 0.198834 0.925000
-0.008941 0.199479 0.928000
-0.007533 0.200124 0.931000
-0.006109 0.200554 0.933000
-0.004678 0.200983 0.935000
-0.003245 0.201628 0.938000
-0.001801 0.202058 0.940000
-0.000350 0.202273 0.941000
0.001105 0.202703 0.943000
0.004029 0.203348 0.946000
0.005495 0.203563 0.947000
0.006979 0.204208 0.950000
0.008463 0.204638 0.952000
-0.157458 0.188356 0.870000
-0.155936 0.188140 0.869000
-0.154594 0.188140 0.869000
-0.153076 0.187923 0.868000
-0.151736 0.187923 0.868000
-0.150223 0.187707 0.867000
-0.148713 0.187490 0.866000
-0.147206 0.187274 0.865000
-0.145534 0.186841 0.863000
-0.144201 0.186841 0.863000
-0.142704 0.186624 0.862000
-0.141373 0.186624 0.862000
-0.139880 0.186408 0.861000
-0.138390 0.186191 0.860000
-0.136903 0.185975 0.859000
-0.135577 0.185975 0.859000
-0.134251 0.185975 0.859000
-0.132770 0.185758 0.858000
-0.131292 0.185542 0.857000
-0.129969 0.185542 0.857000
-0.128646 0.185542 0.857000
-0.127175 0.185325 0.856000
-0.125706 0.185109 0.855000
-0.124241 0.184892 0.854000
-0.122779 0.184676 0.853000
-0.121319 0.184459 0.852000
-0.119723 0.184026 0.850000
-0.118271 0.183810 0.849000
-0.116823 0.183593 0.848000
-0.115377 0.183377 0.847000
-0.113935 0.183160 0.846000
-0.112496 0.182944 0.845000
-0.111060 0.182727 0.844000
-0.109627 0.182511 0.843000
-0.108326 0.182511 0.843000
-0.106897 0.182294 0.842000
-0.105472 0.182078 0.841000
-0.104050 0.181861 0.840000
-0.102631 0.181645 0.839000
-0.101094 0.181212 0.837000
-0.099683 0.180995 0.836000
-0.098275 0.180779 0.835000
-0.096870 0.180562 0.834000
-0.095468 0.180346 0.833000
-0.094069 0.180129 0.832000
-0.092673 0.179913 0.831000
-0.091390 0.179913 0.831000
-0.090107 0.179913 0.831000
-0.088717 0.179696 0.830000
-0.087331 0.179480 0.829000
-0.085947 0.179263 0.828000
-0.084669 0.179263 0.828000
-0.083290 0.179047 0.827000
-0.081914 0.178830 0.826000
-0.080639 0.178830 0.826000
-0.079364 0.178830 0.826000
-0.078089 0.178830 0.826000
-0.076814 0.178830 0.826000
-0.075630 0.179047 0.827000
-0.074354 0.179047 0.827000
-0.073165 0.179263 0.828000
-0.071974 0.179480 0.829000
-0.070865 0.179913 0.831000
-0.068381 0.180129 0.832000
-0.067258 0.180562 0.834000
-0.066129 0.180995 0.836000
-0.064994 0.181428 0.838000
-0.063776 0.181645 0.839000
-0.062630 0.182078 0.841000
-0.061477 0.182511 0.843000
-0.060319 0.182944 0.845000
-0.059084 0.183160 0.846000
-0.057915 0.183593 0.848000
-0.056806 0.184243 0.851000
-0.054306 0.184676 0.853000
-0.053175 0.185325 0.856000
-0.052036 0.185975 0.859000
-0.050887 0.186624 0.862000
-0.048673 0.188356 0.870000
-0.046198 0.189222 0.874000
-0.044952 0.189655 0.876000
-0.043749 0.190305 0.879000
-0.042488 0.190738 0.881000
-0.041222 0.191171 0.883000
-0.039949 0.191604 0.885000
-0.038670 0.192037 0.887000
-0.037343 0.192253 0.888000
-0.036012 0.192470 0.889000
-0.034679 0.192686 0.890000
-0.033342 0.192903 0.891000
-0.032039 0.193336 0.893000
-0.030729 0.193769 0.895000
-0.027997 0.193985 0.896000
-0.026673 0.194418 0.898000
-0.025343 0.194851 0.900000
-0.024007 0.195284 0.902000
-0.022665 0.195717 0.904000
-0.021340 0.196367 0.907000
-0.019984 0.196800 0.909000
-0.018642 0.197449 0.912000
-0.017272 0.197882 0.914000
-0.015913 0.198532 0.917000
-0.013124 0.199181 0.920000
-0.011742 0.199831 0.923000
-0.010351 0.200480 0.926000
-0.008941 0.200913 0.928000
-0.007533 0.201563 0.931000
-0.006109 0.201996 0.933000
-0.004678 0.202429 0.935000
-0.003242 0.202862 0.937000
-0.001799 0.203295 0.939000
-0.000351 0.203944 0.942000
0.001105 0.204161 0.943000
0.002563 0.204377 0.944000
0.005495 0.205027 0.947000
0.006972 0.205460 0.949000
-0.157820 0.190137 0.872000
-0.156295 0.189919 0.871000
-0.154594 0.189483 0.869000
-0.153253 0.189483 0.869000
-0.151736 0.189265 0.868000
-0.150223 0.189047 0.867000
-0.148713 0.188829 0.866000
-0.147206 0.188611 0.865000
-0.145702 0.188393 0.864000
-0.144201 0.188175 0.863000
-0.142869 0.188175 0.863000
-0.141373 0.187957 0.862000
-0.139880 0.187738 0.861000
-0.138390 0.187520 0.860000
-0.136903 0.187302 0.859000
-0.135577 0.187302 0.859000
-0.134094 0.187084 0.858000
-0.132770 0.187084 0.858000
-0.131292 0.186866 0.857000
-0.129969 0.186866 0.857000
-0.128496 0.186648 0.856000
-0.127175 0.186648 0.856000
-0.125706 0.186430 0.855000
-0.124241 0.186212 0.854000
-0.122779 0.185994 0.853000
-0.121319 0.185776 0.852000
-0.119863 0.185558 0.851000
-0.118410 0.185340 0.850000
-0.116823 0.184904 0.848000
-0.115377 0.184686 0.847000
-0.113935 0.184468 0.846000
-0.112496 0.184250 0.845000
-0.111060 0.184032 0.844000
-0.109757 0.184032 0.844000
-0.108326 0.183814 0.843000
-0.106771 0.183378 0.841000
-0.105347 0.183159 0.840000
-0.103926 0.182941 0.839000
-0.102509 0.182723 0.838000
-0.101094 0.182505 0.837000
-0.099564 0.182069 0.835000
-0.098157 0.181851 0.834000
-0.096870 0.181851 0.834000
-0.095468 0.181633 0.833000
-0.094069 0.181415 0.832000
-0.092673 0.181197 0.831000
-0.091390 0.181197 0.831000
-0.089999 0.180979 0.830000
-0.088717 0.180979 0.830000
-0.087225 0.180543 0.828000
-0.085947 0.180543 0.828000
-0.084567 0.180325 0.827000
-0.083290 0.180325 0.827000
-0.082013 0.180325 0.827000
-0.080639 0.180107 0.826000
-0.079364 0.180107 0.826000
-0.078089 0.180107 0.826000
-0.076814 0.180107 0.826000
-0.075539 0.180107 0.826000
-0.074354 0.180325 0.827000
-0.073165 0.180543 0.828000
-0.071974 0.180761 0.829000
-0.070865 0.181197 0.831000
-0.068381 0.181415 0.832000
-0.067178 0.181633 0.833000
-0.066050 0.182069 0.835000
-0.064916 0.182505 0.837000
-0.063776 0.182941 0.839000
-0.062630 0.183378 0.841000
-0.061477 0.183814 0.843000
-0.060319 0.184250 0.845000
-0.059154 0.184686 0.847000
-0.057983 0.185122 0.849000
-0.055557 0.185776 0.852000
-0.054369 0.186212 0.854000
-0.053175 0.186648 0.856000
-0.052096 0.187520 0.860000
-0.050946 0.188175 0.863000
-0.049786 0.188829 0.866000
-0.048673 0.189701 0.870000
-0.046198 0.190573 0.874000
-0.044952 0.191009 0.876000
-0.043699 0.191445 0.878000
-0.042488 0.192099 0.881000
-0.041175 0.192317 0.882000
-0.039904 0.192754 0.884000
-0.038583 0.192972 0.885000
-0.037301 0.193408 0.887000
-0.035972 0.193626 0.888000
-0.034679 0.194062 0.890000
-0.033342 0.194280 0.891000
-0.032003 0.194498 0.892000
-0.030695 0.194934 0.894000
-0.027997 0.195370 0.896000
-0.026673 0.195806 0.898000
-0.025343 0.196242 0.900000
-0.024007 0.196678 0.902000
-0.022665 0.197114 0.904000
-0.021340 0.197769 0.907000
-0.019984 0.198205 0.909000
-0.018642 0.198859 0.912000
-0.017272 0.199295 0.914000
-0.015913 0.199949 0.917000
-0.013124 0.200603 0.920000
-0.011742 0.201257 0.923000
-0.010351 0.201912 0.926000
-0.008951 0.202566 0.929000
-0.007533 0.203002 0.931000
-0.006109 0.203438 0.933000
-0.004678 0.203874 0.935000
-0.003242 0.204310 0.937000
-0.001799 0.204746 0.939000
-0.000350 0.205182 0.941000
0.001103 0.205400 0.942000
0.002560 0.205618 0.943000
0.005483 0.206054 0.945000
0.006949 0.206272 0.946000
-0.158001 0.191704 0.873000
-0.156295 0.191265 0.871000
-0.154772 0.191046 0.870000
-0.153253 0.190826 0.869000
-0.151911 0.190826 0.869000
-0.150397 0.190606 0.868000
-0.148713 0.190167 0.866000
-0.147206 0.189948 0.865000
-0.145871 0.189948 0.865000
-0.144368 0.189728 0.864000
-0.142869 0.189509 0.863000
-0.141373 0.189289 0.862000
-0.140042 0.189289 0.862000
-0.138390 0.188850 0.860000
-0.136903 0.188630 0.859000
-0.135577 0.188630 0.859000
-0.134094 0.188411 0.858000
-0.132615 0.188191 0.857000
-0.131292 0.188191 0.857000
-0.129818 0.187971 0.856000
-0.128496 0.187971 0.856000
-0.127175 0.187971 0.856000
-0.125706 0.187752 0.855000
-0.124241 0.187532 0.854000
-0.122779 0.187313 0.853000
-0.121319 0.187093 0.852000
-0.119863 0.186873 0.851000
-0.118410 0.186654 0.850000
-0.116960 0.186434 0.849000
-0.115377 0.185995 0.847000
-0.113935 0.185775 0.846000
-0.112496 0.185556 0.845000
-0.111060 0.185336 0.844000
-0.109757 0.185336 0.844000
-0.108326 0.185117 0.843000
-0.106771 0.184677 0.841000
-0.105347 0.184458 0.840000
-0.103926 0.184238 0.839000
-0.102509 0.184019 0.838000
-0.101094 0.183799 0.837000
-0.099564 0.183360 0.835000
-0.098157 0.183140 0.834000
-0.096753 0.182921 0.833000
-0.095468 0.182921 0.833000
-0.094069 0.182701 0.832000
-0.092673 0.182482 0.831000
-0.091390 0.182482 0.831000
-0.089999 0.182262 0.830000
-0.088610 0.182042 0.829000
-0.087225 0.181823 0.828000
-0.085947 0.181823 0.828000
-0.084567 0.181603 0.827000
-0.083290 0.181603 0.827000
-0.081914 0.181384 0.826000
-0.080639 0.181384 0.826000
-0.079364 0.181384 0.826000
-0.078089 0.181384 0.826000
-0.076814 0.181384 0.826000
-0.075539 0.181384 0.826000
-0.074354 0.181603 0.827000
-0.073165 0.181823 0.828000
-0.071974 0.182042 0.829000
-0.070865 0.182482 0.831000
-0.068381 0.182701 0.832000
-0.067178 0.182921 0.833000
-0.066050 0.183360 0.835000
-0.064994 0.184019 0.838000
-0.063852 0.184458 0.840000
-0.062630 0.184677 0.841000
-0.061550 0.185336 0.844000
-0.060390 0.185775 0.846000
-0.059224 0.186215 0.848000
-0.058051 0.186654 0.850000
-0.055623 0.187313 0.853000
-0.054433 0.187752 0.855000
-0.053238 0.188191 0.857000
-0.052096 0.188850 0.860000
-0.050946 0.189509 0.863000
-0.049786 0.190167 0.866000
-0.048673 0.191046 0.870000
-0.046145 0.191704 0.873000
-0.044900 0.192144 0.875000
-0.043699 0.192802 0.878000
-0.042440 0.193242 0.880000
-0.041128 0.193461 0.881000
-0.039859 0.193900 0.883000
-0.038583 0.194340 0.885000
-0.037301 0.194779 0.887000
-0.035972 0.194998 0.888000
-0.034640 0.195218 0.889000
-0.033342 0.195657 0.891000
-0.032039 0.196096 0.893000
-0.030695 0.196316 0.894000
-0.028028 0.196975 0.897000
-0.026703 0.197414 0.899000
-0.025371 0.197853 0.901000
-0.024034 0.198292 0.903000
-0.022715 0.198951 0.906000
-0.021340 0.199171 0.907000
-0.020006 0.199829 0.910000
-0.018642 0.200269 0.912000
-0.017291 0.200927 0.915000
-0.015930 0.201586 0.918000
-0.013139 0.202245 0.921000
-0.011755 0.202904 0.924000
-0.010362 0.203562 0.927000
-0.008951 0.204002 0.929000
-0.007533 0.204441 0.931000
-0.006109 0.204880 0.933000
-0.004678 0.205319 0.935000
-0.003242 0.205758 0.937000
-0.001797 0.205978 0.938000
-0.000350 0.206417 0.940000
0.001101 0.206417 0.940000
0.002555 0.206637 0.941000
0.004012 0.206856 0.942000
-0.158182 0.193275 0.874000
-0.156654 0.193054 0.873000
-0.154950 0.192612 0.871000
-0.153429 0.192390 0.870000
-0.152086 0.192390 0.870000
-0.150397 0.191948 0.868000
-0.148885 0.191727 0.867000
-0.147376 0.191506 0.866000
-0.145871 0.191285 0.865000
-0.144368 0.191064 0.864000
-0.143035 0.191064 0.864000
-0.141537 0.190842 0.863000
-0.140042 0.190621 0.862000
-0.138551 0.190400 0.861000
-0.137062 0.190179 0.860000
-0.135577 0.189958 0.859000
-0.134094 0.189737 0.858000
-0.132770 0.189737 0.858000
-0.131292 0.189516 0.857000
-0.129818 0.189295 0.856000
-0.128496 0.189295 0.856000
-0.127175 0.189295 0.856000
-0.125706 0.189073 0.855000
-0.124241 0.188852 0.854000
-0.122779 0.188631 0.853000
-0.121319 0.188410 0.852000
-0.119863 0.188189 0.851000
-0.118410 0.187968 0.850000
-0.116960 0.187747 0.849000
-0.115377 0.187304 0.847000
-0.114070 0.187304 0.847000
-0.112629 0.187083 0.846000
-0.111060 0.186641 0.844000
-0.109757 0.186641 0.844000
-0.108326 0.186420 0.843000
-0.106771 0.185977 0.841000
-0.105347 0.185756 0.840000
-0.103926 0.185535 0.839000
-0.102509 0.185314 0.838000
-0.101094 0.185093 0.837000
-0.099564 0.184651 0.835000
-0.098157 0.184429 0.834000
-0.096753 0.184208 0.833000
-0.095468 0.184208 0.833000
-0.094069 0.183987 0.832000
-0.092673 0.183766 0.831000
-0.091390 0.183766 0.831000
-0.089999 0.183545 0.830000
-0.088717 0.183545 0.830000
-0.087225 0.183103 0.828000
-0.085947 0.183103 0.828000
-0.084567 0.182882 0.827000
-0.083290 0.182882 0.827000
-0.081914 0.182660 0.826000
-0.080639 0.182660 0.826000
-0.079364 0.182660 0.826000
-0.078089 0.182660 0.826000
-0.076814 0.182660 0.826000
-0.075539 0.182660 0.826000
-0.074354 0.182882 0.827000
-0.073165 0.183103 0.828000
-0.071974 0.183324 0.829000
-0.070865 0.183766 0.831000
-0.068381 0.183987 0.832000
-0.067258 0.184429 0.834000
-0.066050 0.184651 0.835000
-0.064994 0.185314 0.838000
-0.063852 0.185756 0.840000
-0.062704 0.186199 0.842000
-0.061623 0.186862 0.845000
-0.060390 0.187083 0.846000
-0.059294 0.187747 0.849000
-0.058120 0.188189 0.851000
-0.055688 0.188852 0.854000
-0.054497 0.189295 0.856000
-0.053362 0.189958 0.859000
-0.052157 0.190400 0.861000
-0.051005 0.191064 0.864000
-0.049844 0.191727 0.867000
-0.048673 0.192390 0.870000
-0.046145 0.193054 0.873000
-0.044900 0.193496 0.875000
-0.043649 0.193938 0.877000
-0.042392 0.194381 0.879000
-0.041128 0.194823 0.881000
-0.039859 0.195265 0.883000
-0.038539 0.195486 0.884000
-0.037259 0.195929 0.886000
-0.035931 0.196150 0.887000
-0.034640 0.196592 0.889000
-0.033342 0.197034 0.891000
-0.032039 0.197477 0.893000
-0.030729 0.197919 0.895000
-0.028028 0.198361 0.897000
-0.026703 0.198803 0.899000
-0.025400 0.199467 0.902000
-0.024060 0.199909 0.904000
-0.022715 0.200351 0.906000
-0.021387 0.201015 0.909000
-0.020028 0.201457 0.911000
-0.018683 0.202121 0.914000
-0.017310 0.202563 0.916000
-0.015948 0.203226 0.919000
-0.013153 0.203890 0.922000
-0.011768 0.204553 0.925000
-0.010373 0.205216 0.928000
-0.008960 0.205659 0.930000
-0.007533 0.205880 0.931000
-0.006109 0.206322 0.933000
-0.004678 0.206764 0.935000
-0.003238 0.206986 0.936000
-0.001797 0.207428 0.938000
-0.000350 0.207649 0.939000
0.001100 0.207649 0.939000
0.002549 0.207649 0.939000
0.004003 0.207870 0.940000
0.006898 0.207649 0.939000
0.008357 0.207870 0.940000
-0.158363 0.194849 0.875000
-0.156654 0.194403 0.873000
-0.155306 0.194403 0.873000
-0.153606 0.193958 0.871000
-0.152261 0.193958 0.871000
-0.150570 0.193513 0.869000
-0.149057 0.193290 0.868000
-0.147546 0.193067 0.867000
-0.146039 0.192845 0.866000
-0.144536 0.192622 0.865000
-0.143200 0.192622 0.865000
-0.141701 0.192399 0.864000
-0.140205 0.192176 0.863000
-0.138712 0.191954 0.862000
-0.137221 0.191731 0.861000
-0.135577 0.191286 0.859000
-0.134251 0.191286 0.859000
-0.132770 0.191063 0.858000
-0.131292 0.190840 0.857000
-0.129818 0.190618 0.856000
-0.128496 0.190618 0.856000
-0.127026 0.190395 0.855000
-0.125706 0.190395 0.855000
-0.124095 0.189950 0.853000
-0.122779 0.189950 0.853000
-0.121319 0.189727 0.852000
-0.119863 0.189504 0.851000
-0.118410 0.189282 0.850000
-0.116960 0.189059 0.849000
-0.115514 0.188836 0.848000
-0.114070 0.188614 0.847000
-0.112629 0.188391 0.846000
-0.111060 0.187945 0.844000
-0.109757 0.187945 0.844000
-0.108326 0.187723 0.843000
-0.106771 0.187277 0.841000
-0.105347 0.187055 0.840000
-0.103926 0.186832 0.839000
-0.102509 0.186609 0.838000
-0.100974 0.186164 0.836000
-0.099564 0.185941 0.835000
-0.098157 0.185719 0.834000
-0.096753 0.185496 0.833000
-0.095353 0.185273 0.832000
-0.094069 0.185273 0.832000
-0.092673 0.185051 0.831000
-0.091390 0.185051 0.831000
-0.089999 0.184828 0.830000
-0.088717 0.184828 0.830000
-0.087331 0.184605 0.829000
-0.085947 0.184383 0.828000
-0.084669 0.184383 0.828000
-0.083290 0.184160 0.827000
-0.082013 0.184160 0.827000
-0.080737 0.184160 0.827000
-0.079364 0.183937 0.826000
-0.078089 0.183937 0.826000
-0.076814 0.183937 0.826000
-0.075630 0.184160 0.827000
-0.074354 0.184160 0.827000
-0.073165 0.184383 0.828000
-0.071974 0.184605 0.829000
-0.070865 0.185051 0.831000
-0.068381 0.185273 0.832000
-0.067258 0.185719 0.834000
-0.066129 0.186164 0.836000
-0.064994 0.186609 0.838000
-0.063852 0.187055 0.840000
-0.062779 0.187723 0.843000
-0.061623 0.188168 0.845000
-0.060533 0.188836 0.848000
-0.059363 0.189282 0.850000
-0.056873 0.189727 0.852000
-0.055753 0.190395 0.855000
-0.054560 0.190840 0.857000
-0.053424 0.191508 0.860000
-0.052217 0.191954 0.862000
-0.051005 0.192399 0.864000
-0.049844 0.193067 0.867000
-0.048673 0.193735 0.870000
-0.046145 0.194403 0.873000
-0.044849 0.194626 0.874000
-0.043599 0.195071 0.876000
-0.042344 0.195517 0.878000
-0.041082 0.195962 0.880000
-0.039768 0.196185 0.881000
-0.038495 0.196630 0.883000
-0.037216 0.197076 0.885000
-0.035931 0.197521 0.887000
-0.034640 0.197966 0.889000
-0.033342 0.198412 0.891000
-0.032039 0.198857 0.893000
-0.030729 0.199302 0.895000
-0.028059 0.199970 0.898000
-0.026762 0.200638 0.901000
-0.025428 0.201084 0.903000
-0.024087 0.201529 0.905000
-0.022765 0.202197 0.908000
-0.021434 0.202865 0.911000
-0.020072 0.203311 0.913000
-0.018703 0.203756 0.915000
-0.017328 0.204201 0.917000
-0.014545 0.204869 0.920000
-0.013167 0.205538 0.923000
-0.011768 0.205983 0.925000
-0.010373 0.206651 0.928000
-0.008960 0.207096 0.930000
-0.007541 0.207542 0.932000
-0.006109 0.207764 0.933000
-0.004678 0.208210 0.935000
-0.003238 0.208432 0.936000
-0.001795 0.208655 0.937000
-0.000349 0.208878 0.938000
0.001099 0.208878 0.938000
0.002547 0.208878 0.938000
0.005443 0.208878 0.938000
0.006891 0.208878 0.938000
0.008339 0.208878 0.938000
0.009776 0.208655 0.937000
-0.162353 0.197771 0.882000
-0.160444 0.197098 0.879000
-0.158544 0.196425 0.876000
-0.156833 0.195977 0.874000
-0.155306 0.195753 0.873000
-0.153958 0.195753 0.873000
-0.152436 0.195528 0.872000
-0.150916 0.195304 0.871000
-0.149228 0.194856 0.869000
-0.147717 0.194632 0.868000
-0.146377 0.194632 0.868000
-0.144870 0.194407 0.867000
-0.143366 0.194183 0.866000
-0.141865 0.193959 0.865000
-0.140367 0.193735 0.864000
-0.138872 0.193510 0.863000
-0.137381 0.193286 0.862000
-0.135892 0.193062 0.861000
-0.134251 0.192613 0.859000
-0.132770 0.192389 0.858000
-0.131292 0.192165 0.857000
-0.129818 0.191941 0.856000
-0.128496 0.191941 0.856000
-0.127026 0.191717 0.855000
-0.125706 0.191717 0.855000
-0.124095 0.191268 0.853000
-0.122779 0.191268 0.853000
-0.121319 0.191044 0.852000
-0.119863 0.190820 0.851000
-0.118410 0.190595 0.850000
-0.116960 0.190371 0.849000
-0.115514 0.190147 0.848000
-0.114070 0.189923 0.847000
-0.112629 0.189699 0.846000
-0.111060 0.189250 0.844000
-0.109757 0.189250 0.844000
-0.108326 0.189026 0.843000
-0.106771 0.188577 0.841000
-0.105347 0.188353 0.840000
-0.103926 0.188129 0.839000
-0.102386 0.187680 0.837000
-0.100974 0.187456 0.836000
-0.099564 0.187232 0.835000
-0.098157 0.187008 0.834000
-0.096753 0.186784 0.833000
-0.095353 0.186559 0.832000
-0.094069 0.186559 0.832000
-0.092673 0.186335 0.831000
-0.091390 0.186335 0.831000
-0.089999 0.186111 0.830000
-0.088717 0.186111 0.830000
-0.087331 0.185887 0.829000
-0.085947 0.185662 0.828000
-0.084669 0.185662 0.828000
-0.083391 0.185662 0.828000
-0.082013 0.185438 0.827000
-0.080737 0.185438 0.827000
-0.079460 0.185438 0.827000
-0.078184 0.185438 0.827000
-0.076907 0.185438 0.827000
-0.075630 0.185438 0.827000
-0.074354 0.185438 0.827000
-0.073165 0.185662 0.828000
-0.071974 0.185887 0.829000
-0.070865 0.186335 0.831000
-0.068381 0.186559 0.832000
-0.067258 0.187008 0.834000
-0.066129 0.187456 0.836000
-0.065071 0.188129 0.839000
-0.063928 0.188577 0.841000
-0.062853 0.189250 0.844000
-0.061696 0.189699 0.846000
-0.060604 0.190371 0.849000
-0.059433 0.190820 0.851000
-0.056939 0.191268 0.853000
-0.055818 0.191941 0.856000
-0.054688 0.192613 0.859000
-0.053486 0.193062 0.861000
-0.052278 0.193510 0.863000
-0.051064 0.193959 0.865000
-0.049844 0.194407 0.867000
-0.048617 0.194856 0.869000
-0.047384 0.195304 0.871000
-0.046145 0.195753 0.873000
-0.043599 0.196425 0.876000
-0.042295 0.196650 0.877000
-0.041035 0.197098 0.879000
-0.039768 0.197547 0.881000
-0.038495 0.197995 0.883000
-0.037216 0.198443 0.885000
-0.035931 0.198892 0.887000
-0.034640 0.199340 0.889000
-0.033380 0.200013 0.892000
-0.032075 0.200462 0.894000
-0.029413 0.201134 0.897000
-0.028091 0.201583 0.899000
-0.026792 0.202255 0.902000
-0.025484 0.202928 0.905000
-0.024140 0.203377 0.907000
-0.022815 0.204049 0.910000
-0.021458 0.204498 0.912000
-0.020094 0.204946 0.914000
-0.018724 0.205395 0.916000
-0.017366 0.206067 0.919000
-0.014561 0.206516 0.921000
-0.013167 0.206964 0.923000
-0.011768 0.207413 0.925000
-0.010373 0.208085 0.928000
-0.008960 0.208534 0.930000
-0.007541 0.208982 0.932000
-0.006109 0.209207 0.933000
-0.004673 0.209431 0.934000
-0.003235 0.209655 0.935000
-0.001793 0.209879 0.936000
-0.000349 0.210103 0.937000
0.001096 0.209879 0.936000
0.005431 0.209879 0.936000
0.006876 0.209879 0.936000
0.008321 0.209879 0.936000
0.009766 0.209879 0.936000
0.011199 0.209655 0.935000
-0.162353 0.199134 0.882000
-0.160627 0.198683 0.880000
-0.159087 0.198457 0.879000
-0.157192 0.197779 0.876000
-0.155662 0.197554 0.875000
-0.154135 0.197328 0.874000
-0.152611 0.197102 0.873000
-0.151263 0.197102 0.873000
-0.149572 0.196651 0.871000
-0.148057 0.196425 0.870000
-0.146545 0.196199 0.869000
-0.145037 0.195973 0.868000
-0.143531 0.195747 0.867000
-0.142029 0.195522 0.866000
-0.140530 0.195296 0.865000
-0.138872 0.194844 0.863000
-0.137381 0.194619 0.862000
-0.135892 0.194393 0.861000
-0.134251 0.193941 0.859000
-0.132770 0.193716 0.858000
-0.131292 0.193490 0.857000
-0.129818 0.193264 0.856000
-0.128496 0.193264 0.856000
-0.127026 0.193038 0.855000
-0.125559 0.192812 0.854000
-0.124095 0.192587 0.853000
-0.122635 0.192361 0.852000
-0.121319 0.192361 0.852000
-0.119863 0.192135 0.851000
-0.118410 0.191909 0.850000
-0.116960 0.191684 0.849000
-0.115514 0.191458 0.848000
-0.114070 0.191232 0.847000
-0.112629 0.191006 0.846000
-0.111192 0.190780 0.845000
-0.109757 0.190555 0.844000
-0.108326 0.190329 0.843000
-0.106771 0.189877 0.841000
-0.105347 0.189652 0.840000
-0.103926 0.189426 0.839000
-0.102509 0.189200 0.838000
-0.101094 0.188974 0.837000
-0.099564 0.188523 0.835000
-0.098157 0.188297 0.834000
-0.096753 0.188071 0.833000
-0.095468 0.188071 0.833000
-0.094069 0.187845 0.832000
-0.092784 0.187845 0.832000
-0.091390 0.187620 0.831000
-0.090107 0.187620 0.831000
-0.088717 0.187394 0.830000
-0.087436 0.187394 0.830000
-0.086051 0.187168 0.829000
-0.084669 0.186942 0.828000
-0.083391 0.186942 0.828000
-0.082113 0.186942 0.828000
-0.080737 0.186716 0.827000
-0.079460 0.186716 0.827000
-0.078184 0.186716 0.827000
-0.076907 0.186716 0.827000
-0.075630 0.186716 0.827000
-0.074443 0.186942 0.828000
-0.073254 0.187168 0.829000
-0.072061 0.187394 0.830000
-0.069666 0.187845 0.832000
-0.068463 0.188071 0.833000
-0.067339 0.188523 0.835000
-0.066208 0.188974 0.837000
-0.065071 0.189426 0.839000
-0.064004 0.190103 0.842000
-0.062928 0.190780 0.845000
-0.061842 0.191458 0.848000
-0.060676 0.191909 0.850000
-0.058188 0.192361 0.852000
-0.057073 0.193038 0.855000
-0.055883 0.193490 0.857000
-0.054751 0.194167 0.860000
-0.053548 0.194619 0.862000
-0.052278 0.194844 0.863000
-0.051064 0.195296 0.865000
-0.049844 0.195747 0.867000
-0.048617 0.196199 0.869000
-0.047384 0.196651 0.871000
-0.046145 0.197102 0.873000
-0.043550 0.197554 0.875000
-0.042247 0.197779 0.876000
-0.040988 0.198231 0.878000
-0.039723 0.198683 0.880000
-0.038452 0.199134 0.882000
-0.037216 0.199811 0.885000
-0.035931 0.200263 0.887000
-0.034640 0.200715 0.889000
-0.033417 0.201618 0.893000
-0.032111 0.202069 0.895000
-0.029446 0.202747 0.898000
-0.028153 0.203424 0.901000
-0.026851 0.204101 0.904000
-0.025540 0.204779 0.907000
-0.024193 0.205230 0.909000
-0.022840 0.205682 0.911000
-0.021481 0.206133 0.913000
-0.020116 0.206585 0.915000
-0.018744 0.207036 0.917000
-0.017366 0.207488 0.919000
-0.014576 0.208165 0.922000
-0.013182 0.208617 0.924000
-0.011781 0.209068 0.926000
-0.010373 0.209520 0.928000
-0.008960 0.209971 0.930000
-0.007541 0.210423 0.932000
-0.006102 0.210423 0.932000
-0.004668 0.210649 0.933000
-0.003235 0.211100 0.935000
-0.001792 0.211100 0.935000
-0.000348 0.211100 0.935000
0.001095 0.211100 0.935000
0.002539 0.211100 0.935000
0.003982 0.211100 0.935000
0.005425 0.211100 0.935000
0.006869 0.211100 0.935000
0.008312 0.211100 0.935000
0.009755 0.211100 0.935000
0.011199 0.211100 0.935000
0.012642 0.211100 0.935000
-0.162537 0.200725 0.883000
-0.160809 0.200270 0.881000
-0.159087 0.199815 0.879000
-0.157551 0.199588 0.878000
-0.155840 0.199134 0.876000
-0.154311 0.198906 0.875000
-0.152960 0.198906 0.875000
-0.151263 0.198452 0.873000
-0.149744 0.198224 0.872000
-0.148227 0.197997 0.871000
-0.146545 0.197542 0.869000
-0.145204 0.197542 0.869000
-0.143697 0.197315 0.868000
-0.142029 0.196860 0.866000
-0.140530 0.196633 0.865000
-0.138872 0.196178 0.863000
-0.137540 0.196178 0.863000
-0.136050 0.195951 0.862000
-0.134251 0.195269 0.859000
-0.132770 0.195042 0.858000
-0.131292 0.194814 0.857000
-0.129818 0.194587 0.856000
-0.128496 0.194587 0.856000
-0.127026 0.194360 0.855000
-0.125559 0.194132 0.854000
-0.124095 0.193905 0.853000
-0.122635 0.193678 0.852000
-0.121319 0.193678 0.852000
-0.119863 0.193450 0.851000
-0.118410 0.193223 0.850000
-0.116960 0.192996 0.849000
-0.115514 0.192769 0.848000
-0.114070 0.192541 0.847000
-0.112629 0.192314 0.846000
-0.111323 0.192314 0.846000
-0.109757 0.191859 0.844000
-0.108326 0.191632 0.843000
-0.106897 0.191405 0.842000
-0.105472 0.191177 0.841000
-0.103926 0.190723 0.839000
-0.102509 0.190495 0.838000
-0.101094 0.190268 0.837000
-0.099683 0.190041 0.836000
-0.098275 0.189813 0.835000
-0.096870 0.189586 0.834000
-0.095468 0.189359 0.833000
-0.094069 0.189131 0.832000
-0.092784 0.189131 0.832000
-0.091500 0.189131 0.832000
-0.090107 0.188904 0.831000
-0.088824 0.188904 0.831000
-0.087436 0.188677 0.830000
-0.086051 0.188449 0.829000
-0.084771 0.188449 0.829000
-0.083391 0.188222 0.828000
-0.082113 0.188222 0.828000
-0.080737 0.187995 0.827000
-0.079556 0.188222 0.828000
-0.078184 0.187995 0.827000
-0.077000 0.188222 0.828000
-0.075722 0.188222 0.828000
-0.074443 0.188222 0.828000
-0.073254 0.188449 0.829000
-0.072061 0.188677 0.830000
-0.069666 0.189131 0.832000
-0.068463 0.189359 0.833000
-0.067339 0.189813 0.835000
-0.066208 0.190268 0.837000
-0.065071 0.190723 0.839000
-0.064004 0.191405 0.842000
-0.062928 0.192087 0.845000
-0.061842 0.192769 0.848000
-0.060747 0.193450 0.851000
-0.058256 0.193905 0.853000
-0.057140 0.194587 0.856000
-0.056014 0.195269 0.859000
-0.054815 0.195724 0.861000
-0.053610 0.196178 0.863000
-0.052339 0.196406 0.864000
-0.051123 0.196860 0.866000
-0.049844 0.197088 0.867000
-0.048617 0.197542 0.869000
-0.047384 0.197997 0.871000
-0.046145 0.198452 0.873000
-0.043500 0.198679 0.874000
-0.042247 0.199134 0.876000
-0.040988 0.199588 0.878000
-0.039723 0.200043 0.880000
-0.038452 0.200497 0.882000
-0.037216 0.201179 0.885000
-0.035972 0.201861 0.888000
-0.034679 0.202316 0.890000
-0.033417 0.202998 0.893000
-0.030798 0.203907 0.897000
-0.029478 0.204362 0.899000
-0.028216 0.205271 0.903000
-0.026911 0.205953 0.906000
-0.025569 0.206408 0.908000
-0.024247 0.207090 0.911000
-0.022890 0.207544 0.913000
-0.021505 0.207772 0.914000
-0.020138 0.208226 0.916000
-0.018764 0.208681 0.918000
-0.015965 0.209136 0.920000
-0.014576 0.209590 0.922000
-0.013182 0.210045 0.924000
-0.011781 0.210500 0.926000
-0.010373 0.210954 0.928000
-0.008960 0.211409 0.930000
-0.007533 0.211636 0.931000
-0.006102 0.211864 0.932000
-0.004663 0.211864 0.932000
-0.003228 0.212091 0.933000
-0.001788 0.212091 0.933000
-0.000348 0.212318 0.934000
0.001094 0.212318 0.934000
0.002536 0.212318 0.934000
0.003982 0.212545 0.935000
0.005420 0.212318 0.934000
0.006869 0.212545 0.935000
0.008312 0.212545 0.935000
0.009755 0.212545 0.935000
0.011211 0.212773 0.936000
0.012656 0.212773 0.936000
-0.162537 0.202090 0.883000
-0.160809 0.201632 0.881000
-0.159268 0.201403 0.880000
-0.157730 0.201174 0.879000
-0.156195 0.200945 0.878000
-0.154487 0.200488 0.876000
-0.152960 0.200259 0.875000
-0.151436 0.200030 0.874000
-0.149915 0.199801 0.873000
-0.148397 0.199572 0.872000
-0.146883 0.199343 0.871000
-0.145204 0.198886 0.869000
-0.143697 0.198657 0.868000
-0.142193 0.198428 0.867000
-0.140530 0.197970 0.865000
-0.138872 0.197512 0.863000
-0.137381 0.197283 0.862000
-0.136050 0.197283 0.862000
-0.134251 0.196597 0.859000
-0.132770 0.196368 0.858000
-0.131292 0.196139 0.857000
-0.129818 0.195910 0.856000
-0.128496 0.195910 0.856000
-0.127026 0.195681 0.855000
-0.125412 0.195224 0.853000
-0.124095 0.195224 0.853000
-0.122779 0.195224 0.853000
-0.121319 0.194995 0.852000
-0.119863 0.194766 0.851000
-0.118410 0.194537 0.850000
-0.116960 0.194308 0.849000
-0.115514 0.194079 0.848000
-0.114070 0.193850 0.847000
-0.112629 0.193622 0.846000
-0.111323 0.193622 0.846000
-0.109757 0.193164 0.844000
-0.108326 0.192935 0.843000
-0.106897 0.192706 0.842000
-0.105472 0.192477 0.841000
-0.104050 0.192248 0.840000
-0.102631 0.192020 0.839000
-0.101215 0.191791 0.838000
-0.099683 0.191333 0.836000
-0.098275 0.191104 0.835000
-0.096870 0.190875 0.834000
-0.095468 0.190646 0.833000
-0.094069 0.190417 0.832000
-0.092784 0.190417 0.832000
-0.091500 0.190417 0.832000
-0.090107 0.190189 0.831000
-0.088824 0.190189 0.831000
-0.087541 0.190189 0.831000
-0.086155 0.189960 0.830000
-0.084771 0.189731 0.829000
-0.083492 0.189731 0.829000
-0.082113 0.189502 0.828000
-0.080834 0.189502 0.828000
-0.079556 0.189502 0.828000
-0.078278 0.189502 0.828000
-0.077000 0.189502 0.828000
-0.075813 0.189731 0.829000
-0.074533 0.189731 0.829000
-0.073342 0.189960 0.830000
-0.072148 0.190189 0.831000
-0.069666 0.190417 0.832000
-0.068546 0.190875 0.834000
-0.067339 0.191104 0.835000
-0.066208 0.191562 0.837000
-0.065149 0.192248 0.840000
-0.064080 0.192935 0.843000
-0.062928 0.193393 0.845000
-0.061915 0.194308 0.849000
-0.060747 0.194766 0.851000
-0.058324 0.195453 0.854000
-0.057206 0.196139 0.857000
-0.056014 0.196597 0.859000
-0.054879 0.197283 0.862000
-0.053610 0.197512 0.863000
-0.052399 0.197970 0.865000
-0.051123 0.198199 0.866000
-0.049844 0.198428 0.867000
-0.048617 0.198886 0.869000
-0.047384 0.199343 0.871000
-0.046093 0.199572 0.872000
-0.043500 0.200030 0.874000
-0.042199 0.200259 0.875000
-0.040942 0.200716 0.877000
-0.039678 0.201174 0.879000
-0.038408 0.201632 0.881000
-0.037174 0.202319 0.884000
-0.035931 0.203005 0.887000
-0.034679 0.203692 0.890000
-0.033417 0.204378 0.893000
-0.030798 0.205294 0.897000
-0.029511 0.205980 0.900000
-0.028216 0.206667 0.903000
-0.026940 0.207582 0.907000
-0.025625 0.208269 0.910000
-0.024247 0.208498 0.911000
-0.022916 0.209185 0.914000
-0.021552 0.209642 0.916000
-0.020160 0.209871 0.917000
-0.017366 0.210329 0.919000
-0.015982 0.210787 0.921000
-0.014576 0.211015 0.922000
-0.013182 0.211473 0.924000
-0.011781 0.211931 0.926000
-0.010373 0.212389 0.928000
-0.008951 0.212618 0.929000
-0.007525 0.212846 0.930000
-0.006095 0.213075 0.931000
-0.004663 0.213304 0.932000
-0.003225 0.213304 0.932000
-0.001786 0.213304 0.932000
-0.000347 0.213533 0.933000
0.001094 0.213762 0.934000
0.002536 0.213762 0.934000
0.003978 0.213762 0.934000
0.005425 0.213991 0.935000
0.006869 0.213991 0.935000
0.008312 0.213991 0.935000
0.009766 0.214220 0.936000
0.011223 0.214448 0.937000
0.012669 0.214448 0.937000
-0.162537 0.203455 0.883000
-0.160809 0.202994 0.881000
-0.159268 0.202763 0.880000
-0.157730 0.202533 0.879000
-0.156373 0.202533 0.879000
-0.154664 0.202072 0.877000
-0.153135 0.201842 0.876000
-0.151609 0.201611 0.875000
-0.150087 0.201381 0.874000
-0.148397 0.200920 0.872000
-0.146883 0.200690 0.871000
-0.145371 0.200459 0.870000
-0.143697 0.199998 0.868000
-0.142193 0.199768 0.867000
-0.140530 0.199307 0.865000
-0.138872 0.198846 0.863000
-0.137381 0.198616 0.862000
-0.135892 0.198385 0.861000
-0.134251 0.197925 0.859000
-0.129818 0.197233 0.856000
-0.128496 0.197233 0.856000
-0.127026 0.197003 0.855000
-0.125412 0.196542 0.853000
-0.124095 0.196542 0.853000
-0.122779 0.196542 0.853000
-0.121319 0.196312 0.852000
-0.119863 0.196081 0.851000
-0.118410 0.195851 0.850000
-0.116960 0.195621 0.849000
-0.115514 0.195390 0.848000
-0.114070 0.195160 0.847000
-0.112629 0.194929 0.846000
-0.111323 0.194929 0.846000
-0.109757 0.194468 0.844000
-0.108326 0.194238 0.843000
-0.106897 0.194008 0.842000
-0.105472 0.193777 0.841000
-0.104050 0.193547 0.840000
-0.102631 0.193316 0.839000
-0.101215 0.193086 0.838000
-0.099802 0.192856 0.837000
-0.098275 0.192395 0.835000
-0.096870 0.192164 0.834000
-0.095468 0.191934 0.833000
-0.094182 0.191934 0.833000
-0.092784 0.191703 0.832000
-0.091500 0.191703 0.832000
-0.090215 0.191703 0.832000
-0.088824 0.191473 0.831000
-0.087541 0.191473 0.831000
-0.086259 0.191473 0.831000
-0.084874 0.191243 0.830000
-0.083492 0.191012 0.829000
-0.082212 0.191012 0.829000
-0.080932 0.191012 0.829000
-0.079556 0.190782 0.828000
-0.078373 0.191012 0.829000
-0.077093 0.191012 0.829000
-0.075813 0.191012 0.829000
-0.074623 0.191243 0.830000
-0.073342 0.191243 0.830000
-0.070950 0.191703 0.832000
-0.069749 0.191934 0.833000
-0.068546 0.192164 0.834000
-0.067419 0.192625 0.836000
-0.066287 0.193086 0.838000
-0.065149 0.193547 0.840000
-0.064080 0.194238 0.843000
-0.063002 0.194929 0.846000
-0.061915 0.195621 0.849000
-0.059503 0.196312 0.852000
-0.058393 0.197003 0.855000
-0.057273 0.197694 0.858000
-0.056079 0.198155 0.860000
-0.054942 0.198846 0.863000
-0.053672 0.199077 0.864000
-0.052399 0.199307 0.865000
-0.051123 0.199538 0.866000
-0.049901 0.199998 0.868000
-0.048617 0.200229 0.869000
-0.047330 0.200459 0.870000
-0.046093 0.200920 0.872000
-0.043500 0.201381 0.874000
-0.042151 0.201381 0.874000
-0.040895 0.201842 0.876000
-0.039633 0.202302 0.878000
-0.038365 0.202763 0.880000
-0.037132 0.203455 0.883000
-0.035850 0.203915 0.885000
-0.034601 0.204607 0.888000
-0.033342 0.205298 0.891000
-0.032111 0.206219 0.895000
-0.029478 0.207141 0.899000
-0.028184 0.207832 0.902000
-0.026911 0.208754 0.906000
-0.025597 0.209445 0.909000
-0.024273 0.210137 0.912000
-0.022916 0.210597 0.914000
-0.021552 0.211058 0.916000
-0.020182 0.211519 0.918000
-0.017366 0.211749 0.919000
-0.015982 0.212210 0.921000
-0.014576 0.212441 0.922000
-0.013182 0.212901 0.924000
-0.011768 0.213132 0.925000
-0.010362 0.213593 0.927000
-0.008941 0.213823 0.928000
-0.007516 0.214054 0.929000
-0.006089 0.214284 0.930000
-0.004658 0.214514 0.931000
-0.003221 0.214514 0.931000
-0.001784 0.214514 0.931000
-0.000347 0.214745 0.932000
0.001092 0.214745 0.932000
0.002533 0.214975 0.933000
0.003973 0.214975 0.933000
0.005420 0.215206 0.934000
0.006869 0.215436 0.935000
0.008321 0.215666 0.936000
0.009776 0.215897 0.937000
0.011223 0.215897 0.937000
0.012683 0.216127 0.938000
-0.162537 0.204819 0.883000
-0.160809 0.204356 0.881000
-0.159268 0.204124 0.880000
-0.157730 0.203892 0.879000
-0.156373 0.203892 0.879000
-0.154664 0.203428 0.877000
-0.153135 0.203196 0.876000
-0.151609 0.202964 0.875000
-0.150087 0.202732 0.874000
-0.148568 0.202500 0.873000
-0.146883 0.202036 0.871000
-0.145204 0.201572 0.869000
-0.143697 0.201340 0.868000
-0.142029 0.200876 0.866000
-0.140367 0.200412 0.864000
-0.138872 0.200180 0.863000
-0.137381 0.199948 0.862000
-0.135892 0.199716 0.861000
-0.134251 0.199252 0.859000
-0.132615 0.198789 0.857000
-0.129818 0.198557 0.856000
-0.128346 0.198325 0.855000
-0.127026 0.198325 0.855000
-0.125412 0.197861 0.853000
-0.124095 0.197861 0.853000
-0.122635 0.197629 0.852000
-0.121319 0.197629 0.852000
-0.119863 0.197397 0.851000
-0.118410 0.197165 0.850000
-0.116960 0.196933 0.849000
-0.115514 0.196701 0.848000
-0.114070 0.196469 0.847000
-0.112762 0.196469 0.847000
-0.111323 0.196237 0.846000
-0.109887 0.196005 0.845000
-0.108454 0.195773 0.844000
-0.107024 0.195541 0.843000
-0.105472 0.195077 0.841000
-0.104050 0.194845 0.840000
-0.102631 0.194613 0.839000
-0.101215 0.194381 0.838000
-0.099802 0.194149 0.837000
-0.098392 0.193917 0.836000
-0.096986 0.193685 0.835000
-0.095582 0.193453 0.834000
-0.094182 0.193221 0.833000
-0.092784 0.192990 0.832000
-0.091500 0.192990 0.832000
-0.090215 0.192990 0.832000
-0.088824 0.192758 0.831000
-0.087541 0.192758 0.831000
-0.086259 0.192758 0.831000
-0.084874 0.192526 0.830000
-0.083592 0.192526 0.830000
-0.082212 0.192294 0.829000
-0.080932 0.192294 0.829000
-0.079652 0.192294 0.829000
-0.078373 0.192294 0.829000
-0.077186 0.192526 0.830000
-0.075905 0.192526 0.830000
-0.074623 0.192526 0.830000
-0.073430 0.192758 0.831000
-0.070950 0.192990 0.832000
-0.069749 0.193221 0.833000
-0.068628 0.193685 0.835000
-0.067419 0.193917 0.836000
-0.066287 0.194381 0.838000
-0.065149 0.194845 0.840000
-0.064080 0.195541 0.843000
-0.063002 0.196237 0.846000
-0.061915 0.196933 0.849000
-0.059503 0.197629 0.852000
-0.058393 0.198325 0.855000
-0.057273 0.199020 0.858000
-0.056079 0.199484 0.860000
-0.054942 0.200180 0.863000
-0.053672 0.200412 0.864000
-0.052460 0.200876 0.866000
-0.051123 0.200876 0.866000
-0.049901 0.201340 0.868000
-0.048617 0.201572 0.869000
-0.047330 0.201804 0.870000
-0.046040 0.202036 0.871000
-0.044798 0.202500 0.873000
-0.042151 0.202732 0.874000
-0.040848 0.202964 0.875000
-0.039588 0.203428 0.877000
-0.038321 0.203892 0.879000
-0.037048 0.204356 0.881000
-0.035810 0.205051 0.884000
-0.034523 0.205515 0.886000
-0.033268 0.206211 0.889000
-0.032003 0.206907 0.892000
-0.030729 0.207603 0.895000
-0.028091 0.208531 0.899000
-0.026792 0.209227 0.902000
-0.025540 0.210386 0.907000
-0.024193 0.210850 0.909000
-0.022865 0.211546 0.912000
-0.021528 0.212242 0.915000
-0.020160 0.212706 0.917000
-0.017366 0.213170 0.919000
-0.015982 0.213634 0.921000
-0.014576 0.213866 0.922000
-0.013182 0.214330 0.924000
-0.011768 0.214562 0.925000
-0.010351 0.214794 0.926000
-0.008941 0.215258 0.928000
-0.007508 0.215258 0.928000
-0.006082 0.215490 0.929000
-0.004653 0.215721 0.930000
-0.003218 0.215721 0.930000
-0.001784 0.215953 0.931000
-0.000347 0.215953 0.931000
0.001091 0.215953 0.931000
0.002530 0.216185 0.932000
0.003973 0.216417 0.933000
0.005425 0.216881 0.935000
0.006876 0.217113 0.936000
0.008330 0.217345 0.937000
0.009787 0.217577 0.938000
0.011247 0.217809 0.939000
0.012710 0.218041 0.940000
-0.162353 0.205951 0.882000
-0.160809 0.205717 0.881000
-0.159449 0.205717 0.881000
-0.157910 0.205484 0.880000
-0.156373 0.205250 0.879000
-0.154664 0.204783 0.877000
-0.153135 0.204550 0.876000
-0.151609 0.204316 0.875000
-0.149915 0.203849 0.873000
-0.148397 0.203616 0.872000
-0.146714 0.203149 0.870000
-0.145204 0.202915 0.869000
-0.143531 0.202448 0.867000
-0.141865 0.201981 0.865000
-0.140367 0.201748 0.864000
-0.138712 0.201281 0.862000
-0.137221 0.201047 0.861000
-0.135577 0.200580 0.859000
-0.134094 0.200347 0.858000
-0.132615 0.200113 0.857000
-0.131139 0.199880 0.856000
-0.129818 0.199880 0.856000
-0.128346 0.199646 0.855000
-0.127026 0.199646 0.855000
-0.125412 0.199179 0.853000
-0.124095 0.199179 0.853000
-0.122635 0.198946 0.852000
-0.121319 0.198946 0.852000
-0.119723 0.198479 0.850000
-0.118410 0.198479 0.850000
-0.116960 0.198245 0.849000
-0.115514 0.198012 0.848000
-0.114205 0.198012 0.848000
-0.112762 0.197778 0.847000
-0.111323 0.197545 0.846000
-0.109757 0.197078 0.844000
-0.108454 0.197078 0.844000
-0.107024 0.196844 0.843000
-0.105598 0.196611 0.842000
-0.104174 0.196377 0.841000
-0.102753 0.196144 0.840000
-0.101336 0.195910 0.839000
-0.099802 0.195443 0.837000
-0.098392 0.195210 0.836000
-0.096986 0.194976 0.835000
-0.095582 0.194743 0.834000
-0.094182 0.194509 0.833000
-0.092896 0.194509 0.833000
-0.091500 0.194276 0.832000
-0.090215 0.194276 0.832000
-0.088824 0.194042 0.831000
-0.087541 0.194042 0.831000
-0.086259 0.194042 0.831000
-0.084874 0.193809 0.830000
-0.083592 0.193809 0.830000
-0.082311 0.193809 0.830000
-0.081030 0.193809 0.830000
-0.079748 0.193809 0.830000
-0.078467 0.193809 0.830000
-0.077186 0.193809 0.830000
-0.074713 0.194042 0.831000
-0.072234 0.194276 0.832000
-0.071035 0.194509 0.833000
-0.069833 0.194743 0.834000
-0.068628 0.194976 0.835000
-0.067500 0.195443 0.837000
-0.066287 0.195677 0.838000
-0.065149 0.196144 0.840000
-0.064080 0.196844 0.843000
-0.063002 0.197545 0.846000
-0.061915 0.198245 0.849000
-0.059573 0.199179 0.853000
-0.058461 0.199880 0.856000
-0.057340 0.200580 0.859000
-0.056144 0.201047 0.861000
-0.054942 0.201514 0.863000
-0.053734 0.201981 0.865000
-0.052460 0.202215 0.866000
-0.051123 0.202215 0.866000
-0.049844 0.202448 0.867000
-0.048561 0.202682 0.868000
-0.047276 0.202915 0.869000
-0.046040 0.203382 0.871000
-0.044747 0.203616 0.872000
-0.043450 0.203849 0.873000
-0.040802 0.204083 0.874000
-0.039497 0.204316 0.875000
-0.038234 0.204783 0.877000
-0.036964 0.205250 0.879000
-0.035729 0.205951 0.882000
-0.034445 0.206418 0.884000
-0.033193 0.207118 0.887000
-0.031895 0.207585 0.889000
-0.030626 0.208286 0.892000
-0.029347 0.208986 0.895000
-0.026673 0.209687 0.898000
-0.025400 0.210621 0.902000
-0.024087 0.211321 0.905000
-0.022765 0.212022 0.908000
-0.021434 0.212722 0.911000
-0.020094 0.213423 0.914000
-0.018724 0.213890 0.916000
-0.017366 0.214590 0.919000
-0.014561 0.215057 0.921000
-0.013153 0.215291 0.922000
-0.011755 0.215758 0.924000
-0.010340 0.215991 0.925000
-0.008931 0.216458 0.927000
-0.007500 0.216458 0.927000
-0.006076 0.216692 0.928000
-0.004648 0.216926 0.929000
-0.003214 0.216926 0.929000
-0.001782 0.217159 0.930000
-0.000347 0.217393 0.931000
0.001092 0.217626 0.932000
0.002530 0.217626 0.932000
0.003978 0.218093 0.934000
0.005431 0.218560 0.936000
0.006891 0.219027 0.938000
0.008348 0.219261 0.939000
0.009818 0.219728 0.941000
0.011295 0.220195 0.943000
0.012764 0.220428 0.944000
-0.162353 0.207314 0.882000
-0.160809 0.207079 0.881000
-0.159449 0.207079 0.881000
-0.157910 0.206844 0.880000
-0.156373 0.206609 0.879000
-0.154664 0.206139 0.877000
-0.153135 0.205904 0.876000
-0.151436 0.205434 0.874000
-0.149915 0.205199 0.873000
-0.148227 0.204729 0.871000
-0.146545 0.204258 0.869000
-0.145037 0.204023 0.868000
-0.143366 0.203553 0.866000
-0.141701 0.203083 0.864000
-0.140205 0.202848 0.863000
-0.138712 0.202613 0.862000
-0.137062 0.202143 0.860000
-0.135577 0.201908 0.859000
-0.134094 0.201673 0.858000
-0.132615 0.201438 0.857000
-0.131139 0.201203 0.856000
-0.129666 0.200968 0.855000
-0.128346 0.200968 0.855000
-0.126878 0.200733 0.854000
-0.125412 0.200498 0.853000
-0.124095 0.200498 0.853000
-0.122635 0.200263 0.852000
-0.121319 0.200263 0.852000
-0.119723 0.199793 0.850000
-0.118271 0.199557 0.849000
-0.116960 0.199557 0.849000
-0.115514 0.199322 0.848000
-0.114070 0.199087 0.847000
-0.112629 0.198852 0.846000
-0.111323 0.198852 0.846000
-0.109887 0.198617 0.845000
-0.108454 0.198382 0.844000
-0.107024 0.198147 0.843000
-0.105472 0.197677 0.841000
-0.104174 0.197677 0.841000
-0.102753 0.197442 0.840000
-0.101336 0.197207 0.839000
-0.099922 0.196972 0.838000
-0.098392 0.196502 0.836000
-0.096986 0.196267 0.835000
-0.095582 0.196032 0.834000
-0.094182 0.195797 0.833000
-0.092896 0.195797 0.833000
-0.091500 0.195562 0.832000
-0.090215 0.195562 0.832000
-0.088824 0.195327 0.831000
-0.087541 0.195327 0.831000
-0.086155 0.195092 0.830000
-0.084874 0.195092 0.830000
-0.083592 0.195092 0.830000
-0.082311 0.195092 0.830000
-0.081030 0.195092 0.830000
-0.079748 0.195092 0.830000
-0.078467 0.195092 0.830000
-0.075996 0.195327 0.831000
-0.074713 0.195327 0.831000
-0.072234 0.195562 0.832000
-0.071035 0.195797 0.833000
-0.069833 0.196032 0.834000
-0.068628 0.196267 0.835000
-0.067500 0.196737 0.837000
-0.066287 0.196972 0.838000
-0.065149 0.197442 0.840000
-0.064080 0.198147 0.843000
-0.063002 0.198852 0.846000
-0.061988 0.199793 0.850000
-0.059573 0.200498 0.853000
-0.058461 0.201203 0.856000
-0.057340 0.201908 0.859000
-0.056144 0.202378 0.861000
-0.054942 0.202848 0.863000
-0.053672 0.203083 0.864000
-0.052399 0.203318 0.865000
-0.051123 0.203553 0.866000
-0.049786 0.203553 0.866000
-0.048561 0.204023 0.868000
-0.047221 0.204023 0.868000
-0.045987 0.204494 0.870000
-0.044695 0.204729 0.871000
-0.043400 0.204964 0.872000
-0.042103 0.205199 0.873000
-0.039497 0.205669 0.875000
-0.038190 0.205904 0.876000
-0.036922 0.206374 0.878000
-0.035688 0.207079 0.881000
-0.034367 0.207314 0.882000
-0.033081 0.207784 0.884000
-0.031788 0.208254 0.886000
-0.030523 0.208959 0.889000
-0.029216 0.209430 0.891000
-0.027934 0.210135 0.894000
-0.025259 0.210840 0.897000
-0.023954 0.211545 0.900000
-0.022640 0.212250 0.903000
-0.021316 0.212955 0.906000
-0.019984 0.213660 0.909000
-0.018642 0.214366 0.912000
-0.017291 0.215071 0.915000
-0.015913 0.215541 0.917000
-0.014529 0.216011 0.919000
-0.011717 0.216481 0.921000
-0.010318 0.216951 0.923000
-0.008912 0.217421 0.925000
-0.007492 0.217656 0.926000
-0.006069 0.217891 0.927000
-0.004643 0.218126 0.928000
-0.003211 0.218126 0.928000
-0.001780 0.218361 0.929000
-0.000346 0.218597 0.930000
0.001091 0.218832 0.931000
0.002533 0.219302 0.933000
0.003982 0.219772 0.935000
0.005437 0.220242 0.937000
0.006898 0.220712 0.939000
0.008374 0.221417 0.942000
0.009839 0.221652 0.943000
0.011331 0.222357 0.946000
-0.162353 0.208677 0.882000
-0.160992 0.208677 0.882000
-0.159449 0.208441 0.881000
-0.157910 0.208204 0.880000
-0.156195 0.207731 0.878000
-0.154487 0.207258 0.876000
-0.152785 0.206785 0.874000
-0.151263 0.206548 0.873000
-0.149572 0.206075 0.871000
-0.147887 0.205602 0.869000
-0.146377 0.205365 0.868000
-0.144703 0.204892 0.866000
-0.143200 0.204655 0.865000
-0.141537 0.204182 0.863000
-0.140042 0.203946 0.862000
-0.138229 0.203236 0.859000
-0.136903 0.203236 0.859000
-0.135419 0.202999 0.858000
-0.133938 0.202763 0.857000
-0.132460 0.202526 0.856000
-0.131139 0.202526 0.856000
-0.129666 0.202289 0.855000
-0.128346 0.202289 0.855000
-0.126878 0.202053 0.854000
-0.125265 0.201580 0.852000
-0.123950 0.201580 0.852000
-0.122635 0.201580 0.852000
-0.121035 0.201106 0.850000
-0.119723 0.201106 0.850000
-0.118271 0.200870 0.849000
-0.116823 0.200633 0.848000
-0.115514 0.200633 0.848000
-0.114070 0.200397 0.847000
-0.112629 0.200160 0.846000
-0.111323 0.200160 0.846000
-0.109757 0.199687 0.844000
-0.108454 0.199687 0.844000
-0.107024 0.199450 0.843000
-0.105598 0.199214 0.842000
-0.104174 0.198977 0.841000
-0.102753 0.198740 0.840000
-0.101336 0.198504 0.839000
-0.099922 0.198267 0.838000
-0.098510 0.198031 0.837000
-0.096986 0.197557 0.835000
-0.095582 0.197321 0.834000
-0.094182 0.197084 0.833000
-0.092896 0.197084 0.833000
-0.091500 0.196848 0.832000
-0.090215 0.196848 0.832000
-0.088824 0.196611 0.831000
-0.087541 0.196611 0.831000
-0.086155 0.196374 0.830000
-0.084874 0.196374 0.830000
-0.083592 0.196374 0.830000
-0.082311 0.196374 0.830000
-0.081030 0.196374 0.830000
-0.079748 0.196374 0.830000
-0.078467 0.196374 0.830000
-0.075996 0.196611 0.831000
-0.073519 0.196848 0.832000
-0.072234 0.196848 0.832000
-0.071035 0.197084 0.833000
-0.069833 0.197321 0.834000
-0.068628 0.197557 0.835000
-0.067500 0.198031 0.837000
-0.066287 0.198267 0.838000
-0.065149 0.198740 0.840000
-0.064080 0.199450 0.843000
-0.063002 0.200160 0.846000
-0.061988 0.201106 0.850000
-0.059573 0.201816 0.853000
-0.058461 0.202526 0.856000
-0.057340 0.203236 0.859000
-0.056209 0.203946 0.862000
-0.054942 0.204182 0.863000
-0.053672 0.204419 0.864000
-0.052399 0.204655 0.865000
-0.051123 0.204892 0.866000
-0.049786 0.204892 0.866000
-0.048505 0.205129 0.867000
-0.047221 0.205365 0.868000
-0.045934 0.205602 0.869000
-0.044695 0.206075 0.871000
-0.043400 0.206312 0.872000
-0.042103 0.206548 0.873000
-0.039497 0.207021 0.875000
-0.038190 0.207258 0.876000
-0.036922 0.207731 0.878000
-0.035607 0.207968 0.879000
-0.034328 0.208441 0.881000
-0.033043 0.208914 0.883000
-0.031716 0.209151 0.884000
-0.030420 0.209624 0.886000
-0.029118 0.210097 0.888000
-0.027841 0.210807 0.891000
-0.025231 0.211990 0.896000
-0.022539 0.212700 0.899000
-0.021222 0.213409 0.902000
-0.019896 0.214119 0.905000
-0.018560 0.214829 0.908000
-0.017215 0.215539 0.911000
-0.015861 0.216249 0.914000
-0.014481 0.216722 0.916000
-0.013110 0.217432 0.919000
-0.010295 0.217905 0.921000
-0.008893 0.218378 0.923000
-0.007476 0.218614 0.924000
-0.006056 0.218851 0.925000
-0.004633 0.219088 0.926000
-0.003207 0.219324 0.927000
-0.001776 0.219324 0.927000
-0.000346 0.219797 0.929000
0.001091 0.220271 0.931000
0.002533 0.220744 0.933000
0.003982 0.221217 0.935000
0.005443 0.221927 0.938000
0.006905 0.222400 0.940000
0.008383 0.223110 0.943000
0.009870 0.223820 0.946000
0.012818 0.224293 0.948000
-0.162537 0.210279 0.883000
-0.160992 0.210041 0.882000
-0.159449 0.209803 0.881000
-0.157730 0.209326 0.879000
-0.155840 0.208612 0.876000
-0.154135 0.208136 0.874000
-0.152436 0.207659 0.872000
-0.150916 0.207421 0.871000
-0.149228 0.206945 0.869000
-0.147717 0.206707 0.868000
-0.146039 0.206231 0.866000
-0.144536 0.205992 0.865000
-0.142869 0.205516 0.863000
-0.141373 0.205278 0.862000
-0.139717 0.204802 0.860000
-0.138229 0.204564 0.859000
-0.136743 0.204325 0.858000
-0.135261 0.204087 0.857000
-0.133782 0.203849 0.856000
-0.132460 0.203849 0.856000
-0.130986 0.203611 0.855000
-0.129666 0.203611 0.855000
-0.128196 0.203373 0.854000
-0.126729 0.203135 0.853000
-0.125412 0.203135 0.853000
-0.123950 0.202897 0.852000
-0.122491 0.202658 0.851000
-0.121035 0.202420 0.850000
-0.119582 0.202182 0.849000
-0.118132 0.201944 0.848000
-0.116823 0.201944 0.848000
-0.115377 0.201706 0.847000
-0.113935 0.201468 0.846000
-0.112629 0.201468 0.846000
-0.111192 0.201230 0.845000
-0.109757 0.200991 0.844000
-0.108326 0.200753 0.843000
-0.107024 0.200753 0.843000
-0.105598 0.200515 0.842000
-0.104174 0.200277 0.841000
-0.102753 0.200039 0.840000
-0.101336 0.199801 0.839000
-0.099922 0.199563 0.838000
-0.098510 0.199324 0.837000
-0.096986 0.198848 0.835000
-0.095582 0.198610 0.834000
-0.094182 0.198372 0.833000
-0.092784 0.198134 0.832000
-0.091500 0.198134 0.832000
-0.090107 0.197896 0.831000
-0.088717 0.197657 0.830000
-0.087436 0.197657 0.830000
-0.086155 0.197657 0.830000
-0.084771 0.197419 0.829000
-0.083492 0.197419 0.829000
-0.082212 0.197419 0.829000
-0.080932 0.197419 0.829000
-0.079748 0.197657 0.830000
-0.078467 0.197657 0.830000
-0.077186 0.197657 0.830000
-0.075996 0.197896 0.831000
-0.073519 0.198134 0.832000
-0.072234 0.198134 0.832000
-0.071035 0.198372 0.833000
-0.069833 0.198610 0.834000
-0.068546 0.198610 0.834000
-0.067339 0.198848 0.835000
-0.066208 0.199324 0.837000
-0.065071 0.199801 0.839000
-0.064004 0.200515 0.842000
-0.062928 0.201230 0.845000
-0.061988 0.202420 0.850000
-0.059573 0.203135 0.853000
-0.058461 0.203849 0.856000
-0.057340 0.204564 0.859000
-0.056144 0.205040 0.861000
-0.054879 0.205278 0.862000
-0.053610 0.205516 0.863000
-0.052339 0.205754 0.864000
-0.051064 0.205992 0.865000
-0.049729 0.205992 0.865000
-0.048449 0.206231 0.866000
-0.047167 0.206469 0.867000
-0.045934 0.206945 0.869000
-0.044644 0.207183 0.870000
-0.043351 0.207421 0.871000
-0.042103 0.207898 0.873000
-0.040802 0.208136 0.874000
-0.038190 0.208612 0.876000
-0.036922 0.209088 0.878000
-0.035607 0.209326 0.879000
-0.034328 0.209803 0.881000
-0.032968 0.209803 0.881000
-0.031680 0.210279 0.883000
-0.030351 0.210517 0.884000
-0.029052 0.210993 0.886000
-0.027716 0.211231 0.887000
-0.026406 0.211708 0.889000
-0.025118 0.212422 0.892000
-0.023794 0.212899 0.894000
-0.018458 0.215042 0.903000
-0.017158 0.216232 0.908000
-0.015791 0.216709 0.910000
-0.014434 0.217423 0.913000
-0.013067 0.218138 0.916000
-0.011679 0.218614 0.918000
-0.008873 0.219328 0.921000
-0.007460 0.219566 0.922000
-0.006037 0.219566 0.922000
-0.004623 0.220043 0.924000
-0.003200 0.220281 0.925000
-0.001776 0.220757 0.927000
-0.000346 0.220995 0.928000
0.001091 0.221710 0.931000
0.002533 0.222186 0.933000
0.003986 0.222900 0.936000
0.005449 0.223615 0.939000
0.006927 0.224567 0.943000
0.009870 0.225282 0.946000
0.011355 0.225758 0.948000
